Created by PLY version 3.11 (http://www.dabeaz.com/ply)

Unused terminals:

    ALL
    AMPERSAND
    ANY
    COMMENT
    DESCRIPTION
    DIVIDE
    IMPORT
    MINUS
    MODULO
    MULTIPLY
    OP_AND
    OP_EQUALS
    OP_NOT
    OP_OR
    PLUS

Grammar

Rule 0     S' -> rule
Rule 1     rule -> blocks
Rule 2     blocks -> null_clause
Rule 3     blocks -> code_blocks
Rule 4     code_blocks -> declaration
Rule 5     code_blocks -> line_indicator
Rule 6     code_blocks -> code_blocks declaration
Rule 7     declaration -> global_definitions
Rule 8     declaration -> global_precedents
Rule 9     declaration -> global_defaults
Rule 10    declaration -> global_conditions
Rule 11    declaration -> global_clauses
Rule 12    global_precedents -> precedents
Rule 13    global_conditions -> conditions
Rule 14    global_clauses -> clauses
Rule 15    global_definitions -> definitions
Rule 16    global_defaults -> defaults
Rule 17    clauses -> clause
Rule 18    clauses -> clauses clause
Rule 19    clause -> clause_keyword LBRACE STRING RBRACE COLON BLOCKSTART clause_statements BLOCKEND
Rule 20    clause_keyword -> CLAUSE
Rule 21    clause_statements -> clause_statement
Rule 22    clause_statements -> clause_statements clause_statement
Rule 23    clause_statement -> COLON clause_body
Rule 24    clause_body -> BLOCKSTART conditions exclusions assurances contradictions BLOCKEND
Rule 25    assurances -> <empty>
Rule 26    assurances -> ASSURE COLON BLOCKSTART assurance_statements BLOCKEND
Rule 27    assurance_statements -> assurance_statement
Rule 28    assurance_statements -> assurance_statements assurance_statement
Rule 29    assurance_statement -> COLON action_commands
Rule 30    assurance_statement -> COLON assurance_expressions
Rule 31    assurance_statement -> COLON assurance_call
Rule 32    assurance_statement -> COLON apply_clause
Rule 33    assurance_statement -> COLON assurance_sub_clause
Rule 34    assurance_sub_clause -> clause_body
Rule 35    assurance_expressions -> compound_action
Rule 36    assurance_call -> functional_expression
Rule 37    contradictions -> <empty>
Rule 38    contradictions -> OTHERWISE COLON BLOCKSTART assurance_statements BLOCKEND
Rule 39    compound_action -> action_expression
Rule 40    compound_action -> compound_action AND action_expression
Rule 41    compound_action -> compound_action OR action_expression
Rule 42    action_expression -> expression
Rule 43    action_expression -> functional_expression
Rule 44    action_commands -> FAIL
Rule 45    action_commands -> ABORT
Rule 46    action_commands -> CLEAR
Rule 47    action_commands -> CONTINUE
Rule 48    apply_clause -> APPLY STRING
Rule 49    conditions -> CONDITION COLON BLOCKSTART condition_statements BLOCKEND
Rule 50    exclusions -> null_clause
Rule 51    exclusions -> exclusion_clause
Rule 52    null_clause -> <empty>
Rule 53    exclusion_clause -> EXCLUDE COLON BLOCKSTART condition_statements BLOCKEND
Rule 54    condition_statements -> condition
Rule 55    condition_statements -> condition_statements condition
Rule 56    condition -> COLON expression
Rule 57    precedents -> precedent_keyword LBRACE STRING RBRACE COLON BLOCKSTART clause_statements BLOCKEND
Rule 58    precedent_keyword -> PRECEDENT
Rule 59    definitions -> DEFINE COLON BLOCKSTART pairs BLOCKEND
Rule 60    defaults -> DEFAULT COLON BLOCKSTART pairs BLOCKEND
Rule 61    expression -> simple_expression
Rule 62    expression -> compound_expression
Rule 63    simple_expression -> expression_statement
Rule 64    compound_expression -> scoped_expression
Rule 65    compound_expression -> compound_expression AND scoped_expression
Rule 66    compound_expression -> compound_expression OR scoped_expression
Rule 67    scoped_expression -> LPAREN expression_statement RPAREN
Rule 68    scoped_expression -> LPAREN compound_expression RPAREN
Rule 69    expression_statement -> subject_is_object
Rule 70    expression_statement -> subject_is_not_object
Rule 71    expression_statement -> subject_has
Rule 72    expression_statement -> subject_is_range
Rule 73    expression_statement -> subject_in_range
Rule 74    expression_statement -> subject_not_in_range
Rule 75    expression_statement -> subject_comparison
Rule 76    subject_comparison -> subject LT rvalue
Rule 77    subject_comparison -> subject GT rvalue
Rule 78    subject_comparison -> subject LTE rvalue
Rule 79    subject_comparison -> subject GTE rvalue
Rule 80    subject_comparison -> subject EQ rvalue
Rule 81    subject_comparison -> subject NEQ rvalue
Rule 82    subject_is_object -> subject IS rvalue
Rule 83    subject_is_not_object -> subject IS NOT rvalue
Rule 84    subject_has -> subject HAS arg
Rule 85    subject_is_range -> subject IS range_expression
Rule 86    subject_is_range -> subject IS NOT range_expression
Rule 87    subject_in_range -> subject IN range_expression
Rule 88    subject_not_in_range -> subject NOT IN range_expression
Rule 89    rvalue -> object
Rule 90    rvalue -> identifier
Rule 91    rvalue -> number
Rule 92    rvalue -> boolean
Rule 93    rvalue -> constant
Rule 94    rvalue -> functional_expression
Rule 95    range_expression -> array
Rule 96    range_expression -> range
Rule 97    range_expression -> angle
Rule 98    range_expression -> identifier
Rule 99    range -> RANGE LPAREN rvalue COMMA rvalue RPAREN
Rule 100   angle -> ANGLE LPAREN rvalue COMMA rvalue RPAREN
Rule 101   subject -> identifier
Rule 102   subject -> computed_variable
Rule 103   subject -> functional_expression
Rule 104   computed_variable -> intersection_variable
Rule 105   computed_variable -> tuple_variable
Rule 106   computed_variable -> functional_expression
Rule 107   functional_expression -> function LPAREN arglist RPAREN
Rule 108   function -> MATH_ABS
Rule 109   function -> MATH_MIN
Rule 110   function -> MATH_MAX
Rule 111   function -> MATH_FLOOR
Rule 112   function -> MATH_MEAN
Rule 113   function -> MATH_STD
Rule 114   function -> FN_ADD
Rule 115   function -> FN_DEL
Rule 116   function -> FN_SET
Rule 117   function -> FN_ISSET
Rule 118   function -> FN_COUNT
Rule 119   function -> FN_FEETS
Rule 120   function -> FN_METERS
Rule 121   function -> FN_MILES
Rule 122   function -> FN_KMPH
Rule 123   function -> FN_KNOT
Rule 124   function -> FN_NMPHTOKMPH
Rule 125   intersection_variable -> intersection DOT identifier
Rule 126   intersection -> LBRACE valuelist RBRACE
Rule 127   valuelist -> rvalue
Rule 128   valuelist -> valuelist COMMA rvalue
Rule 129   tuple_variable -> tuple DOT identifier
Rule 130   tuple -> LPAREN rvalue COMMA rvalue RPAREN
Rule 131   object -> identifier
Rule 132   object -> EMPTY
Rule 133   array -> LBRACE arglist RBRACE
Rule 134   arglist -> arg
Rule 135   arglist -> arglist COMMA arg
Rule 136   arg -> computed_variable
Rule 137   arg -> identifier
Rule 138   arg -> number
Rule 139   arg -> boolean
Rule 140   arg -> constant
Rule 141   arg -> EMPTY
Rule 142   pairs -> pair
Rule 143   pairs -> pairs COMMA pair
Rule 144   pair -> key COLON value
Rule 145   key -> IDENTIFIER
Rule 146   value -> identifier
Rule 147   value -> constant
Rule 148   constant -> FLOAT
Rule 149   constant -> INTEGER
Rule 150   constant -> STRING
Rule 151   string -> STRING
Rule 152   identifier -> IDENTIFIER
Rule 153   boolean -> TRUE
Rule 154   boolean -> FALSE
Rule 155   number -> INTEGER
Rule 156   number -> FLOAT
Rule 157   line_indicator -> LINE INTEGER STRING

Terminals, with rules where they appear

ABORT                : 45
ALL                  : 
AMPERSAND            : 
AND                  : 40 65
ANGLE                : 100
ANY                  : 
APPLY                : 48
ASSURE               : 26
BLOCKEND             : 19 24 26 38 49 53 57 59 60
BLOCKSTART           : 19 24 26 38 49 53 57 59 60
CLAUSE               : 20
CLEAR                : 46
COLON                : 19 23 26 29 30 31 32 33 38 49 53 56 57 59 60 144
COMMA                : 99 100 128 130 135 143
COMMENT              : 
CONDITION            : 49
CONTINUE             : 47
DEFAULT              : 60
DEFINE               : 59
DESCRIPTION          : 
DIVIDE               : 
DOT                  : 125 129
EMPTY                : 132 141
EQ                   : 80
EXCLUDE              : 53
FAIL                 : 44
FALSE                : 154
FLOAT                : 148 156
FN_ADD               : 114
FN_COUNT             : 118
FN_DEL               : 115
FN_FEETS             : 119
FN_ISSET             : 117
FN_KMPH              : 122
FN_KNOT              : 123
FN_METERS            : 120
FN_MILES             : 121
FN_NMPHTOKMPH        : 124
FN_SET               : 116
GT                   : 77
GTE                  : 79
HAS                  : 84
IDENTIFIER           : 145 152
IMPORT               : 
IN                   : 87 88
INTEGER              : 149 155 157
IS                   : 82 83 85 86
LBRACE               : 19 57 126 133
LINE                 : 157
LPAREN               : 67 68 99 100 107 130
LT                   : 76
LTE                  : 78
MATH_ABS             : 108
MATH_FLOOR           : 111
MATH_MAX             : 110
MATH_MEAN            : 112
MATH_MIN             : 109
MATH_STD             : 113
MINUS                : 
MODULO               : 
MULTIPLY             : 
NEQ                  : 81
NOT                  : 83 86 88
OP_AND               : 
OP_EQUALS            : 
OP_NOT               : 
OP_OR                : 
OR                   : 41 66
OTHERWISE            : 38
PLUS                 : 
PRECEDENT            : 58
RANGE                : 99
RBRACE               : 19 57 126 133
RPAREN               : 67 68 99 100 107 130
STRING               : 19 48 57 150 151 157
TRUE                 : 153
error                : 

Nonterminals, with rules where they appear

action_commands      : 29
action_expression    : 39 40 41
angle                : 97
apply_clause         : 32
arg                  : 84 134 135
arglist              : 107 133 135
array                : 95
assurance_call       : 31
assurance_expressions : 30
assurance_statement  : 27 28
assurance_statements : 26 28 38
assurance_sub_clause : 33
assurances           : 24
blocks               : 1
boolean              : 92 139
clause               : 17 18
clause_body          : 23 34
clause_keyword       : 19
clause_statement     : 21 22
clause_statements    : 19 22 57
clauses              : 14 18
code_blocks          : 3 6
compound_action      : 35 40 41
compound_expression  : 62 65 66 68
computed_variable    : 102 136
condition            : 54 55
condition_statements : 49 53 55
conditions           : 13 24
constant             : 93 140 147
contradictions       : 24
declaration          : 4 6
defaults             : 16
definitions          : 15
exclusion_clause     : 51
exclusions           : 24
expression           : 42 56
expression_statement : 63 67
function             : 107
functional_expression : 36 43 94 103 106
global_clauses       : 11
global_conditions    : 10
global_defaults      : 9
global_definitions   : 7
global_precedents    : 8
identifier           : 90 98 101 125 129 131 137 146
intersection         : 125
intersection_variable : 104
key                  : 144
line_indicator       : 5
null_clause          : 2 50
number               : 91 138
object               : 89
pair                 : 142 143
pairs                : 59 60 143
precedent_keyword    : 57
precedents           : 12
range                : 96
range_expression     : 85 86 87 88
rule                 : 0
rvalue               : 76 77 78 79 80 81 82 83 99 99 100 100 127 128 130 130
scoped_expression    : 64 65 66
simple_expression    : 61
string               : 
subject              : 76 77 78 79 80 81 82 83 84 85 86 87 88
subject_comparison   : 75
subject_has          : 71
subject_in_range     : 73
subject_is_not_object : 70
subject_is_object    : 69
subject_is_range     : 72
subject_not_in_range : 74
tuple                : 129
tuple_variable       : 105
value                : 144
valuelist            : 126 128

Parsing method: LALR

state 0

    (0) S' -> . rule
    (1) rule -> . blocks
    (2) blocks -> . null_clause
    (3) blocks -> . code_blocks
    (52) null_clause -> .
    (4) code_blocks -> . declaration
    (5) code_blocks -> . line_indicator
    (6) code_blocks -> . code_blocks declaration
    (7) declaration -> . global_definitions
    (8) declaration -> . global_precedents
    (9) declaration -> . global_defaults
    (10) declaration -> . global_conditions
    (11) declaration -> . global_clauses
    (157) line_indicator -> . LINE INTEGER STRING
    (15) global_definitions -> . definitions
    (12) global_precedents -> . precedents
    (16) global_defaults -> . defaults
    (13) global_conditions -> . conditions
    (14) global_clauses -> . clauses
    (59) definitions -> . DEFINE COLON BLOCKSTART pairs BLOCKEND
    (57) precedents -> . precedent_keyword LBRACE STRING RBRACE COLON BLOCKSTART clause_statements BLOCKEND
    (60) defaults -> . DEFAULT COLON BLOCKSTART pairs BLOCKEND
    (49) conditions -> . CONDITION COLON BLOCKSTART condition_statements BLOCKEND
    (17) clauses -> . clause
    (18) clauses -> . clauses clause
    (58) precedent_keyword -> . PRECEDENT
    (19) clause -> . clause_keyword LBRACE STRING RBRACE COLON BLOCKSTART clause_statements BLOCKEND
    (20) clause_keyword -> . CLAUSE

    $end            reduce using rule 52 (null_clause -> .)
    LINE            shift and go to state 12
    DEFINE          shift and go to state 18
    DEFAULT         shift and go to state 20
    CONDITION       shift and go to state 21
    PRECEDENT       shift and go to state 23
    CLAUSE          shift and go to state 25

    rule                           shift and go to state 1
    blocks                         shift and go to state 2
    null_clause                    shift and go to state 3
    code_blocks                    shift and go to state 4
    declaration                    shift and go to state 5
    line_indicator                 shift and go to state 6
    global_definitions             shift and go to state 7
    global_precedents              shift and go to state 8
    global_defaults                shift and go to state 9
    global_conditions              shift and go to state 10
    global_clauses                 shift and go to state 11
    definitions                    shift and go to state 13
    precedents                     shift and go to state 14
    defaults                       shift and go to state 15
    conditions                     shift and go to state 16
    clauses                        shift and go to state 17
    precedent_keyword              shift and go to state 19
    clause                         shift and go to state 22
    clause_keyword                 shift and go to state 24

state 1

    (0) S' -> rule .



state 2

    (1) rule -> blocks .

    $end            reduce using rule 1 (rule -> blocks .)


state 3

    (2) blocks -> null_clause .

    $end            reduce using rule 2 (blocks -> null_clause .)


state 4

    (3) blocks -> code_blocks .
    (6) code_blocks -> code_blocks . declaration
    (7) declaration -> . global_definitions
    (8) declaration -> . global_precedents
    (9) declaration -> . global_defaults
    (10) declaration -> . global_conditions
    (11) declaration -> . global_clauses
    (15) global_definitions -> . definitions
    (12) global_precedents -> . precedents
    (16) global_defaults -> . defaults
    (13) global_conditions -> . conditions
    (14) global_clauses -> . clauses
    (59) definitions -> . DEFINE COLON BLOCKSTART pairs BLOCKEND
    (57) precedents -> . precedent_keyword LBRACE STRING RBRACE COLON BLOCKSTART clause_statements BLOCKEND
    (60) defaults -> . DEFAULT COLON BLOCKSTART pairs BLOCKEND
    (49) conditions -> . CONDITION COLON BLOCKSTART condition_statements BLOCKEND
    (17) clauses -> . clause
    (18) clauses -> . clauses clause
    (58) precedent_keyword -> . PRECEDENT
    (19) clause -> . clause_keyword LBRACE STRING RBRACE COLON BLOCKSTART clause_statements BLOCKEND
    (20) clause_keyword -> . CLAUSE

    $end            reduce using rule 3 (blocks -> code_blocks .)
    DEFINE          shift and go to state 18
    DEFAULT         shift and go to state 20
    CONDITION       shift and go to state 21
    PRECEDENT       shift and go to state 23
    CLAUSE          shift and go to state 25

    declaration                    shift and go to state 26
    global_definitions             shift and go to state 7
    global_precedents              shift and go to state 8
    global_defaults                shift and go to state 9
    global_conditions              shift and go to state 10
    global_clauses                 shift and go to state 11
    definitions                    shift and go to state 13
    precedents                     shift and go to state 14
    defaults                       shift and go to state 15
    conditions                     shift and go to state 16
    clauses                        shift and go to state 17
    precedent_keyword              shift and go to state 19
    clause                         shift and go to state 22
    clause_keyword                 shift and go to state 24

state 5

    (4) code_blocks -> declaration .

    DEFINE          reduce using rule 4 (code_blocks -> declaration .)
    DEFAULT         reduce using rule 4 (code_blocks -> declaration .)
    CONDITION       reduce using rule 4 (code_blocks -> declaration .)
    PRECEDENT       reduce using rule 4 (code_blocks -> declaration .)
    CLAUSE          reduce using rule 4 (code_blocks -> declaration .)
    $end            reduce using rule 4 (code_blocks -> declaration .)


state 6

    (5) code_blocks -> line_indicator .

    DEFINE          reduce using rule 5 (code_blocks -> line_indicator .)
    DEFAULT         reduce using rule 5 (code_blocks -> line_indicator .)
    CONDITION       reduce using rule 5 (code_blocks -> line_indicator .)
    PRECEDENT       reduce using rule 5 (code_blocks -> line_indicator .)
    CLAUSE          reduce using rule 5 (code_blocks -> line_indicator .)
    $end            reduce using rule 5 (code_blocks -> line_indicator .)


state 7

    (7) declaration -> global_definitions .

    DEFINE          reduce using rule 7 (declaration -> global_definitions .)
    DEFAULT         reduce using rule 7 (declaration -> global_definitions .)
    CONDITION       reduce using rule 7 (declaration -> global_definitions .)
    PRECEDENT       reduce using rule 7 (declaration -> global_definitions .)
    CLAUSE          reduce using rule 7 (declaration -> global_definitions .)
    $end            reduce using rule 7 (declaration -> global_definitions .)


state 8

    (8) declaration -> global_precedents .

    DEFINE          reduce using rule 8 (declaration -> global_precedents .)
    DEFAULT         reduce using rule 8 (declaration -> global_precedents .)
    CONDITION       reduce using rule 8 (declaration -> global_precedents .)
    PRECEDENT       reduce using rule 8 (declaration -> global_precedents .)
    CLAUSE          reduce using rule 8 (declaration -> global_precedents .)
    $end            reduce using rule 8 (declaration -> global_precedents .)


state 9

    (9) declaration -> global_defaults .

    DEFINE          reduce using rule 9 (declaration -> global_defaults .)
    DEFAULT         reduce using rule 9 (declaration -> global_defaults .)
    CONDITION       reduce using rule 9 (declaration -> global_defaults .)
    PRECEDENT       reduce using rule 9 (declaration -> global_defaults .)
    CLAUSE          reduce using rule 9 (declaration -> global_defaults .)
    $end            reduce using rule 9 (declaration -> global_defaults .)


state 10

    (10) declaration -> global_conditions .

    DEFINE          reduce using rule 10 (declaration -> global_conditions .)
    DEFAULT         reduce using rule 10 (declaration -> global_conditions .)
    CONDITION       reduce using rule 10 (declaration -> global_conditions .)
    PRECEDENT       reduce using rule 10 (declaration -> global_conditions .)
    CLAUSE          reduce using rule 10 (declaration -> global_conditions .)
    $end            reduce using rule 10 (declaration -> global_conditions .)


state 11

    (11) declaration -> global_clauses .

    DEFINE          reduce using rule 11 (declaration -> global_clauses .)
    DEFAULT         reduce using rule 11 (declaration -> global_clauses .)
    CONDITION       reduce using rule 11 (declaration -> global_clauses .)
    PRECEDENT       reduce using rule 11 (declaration -> global_clauses .)
    CLAUSE          reduce using rule 11 (declaration -> global_clauses .)
    $end            reduce using rule 11 (declaration -> global_clauses .)


state 12

    (157) line_indicator -> LINE . INTEGER STRING

    INTEGER         shift and go to state 27


state 13

    (15) global_definitions -> definitions .

    DEFINE          reduce using rule 15 (global_definitions -> definitions .)
    DEFAULT         reduce using rule 15 (global_definitions -> definitions .)
    CONDITION       reduce using rule 15 (global_definitions -> definitions .)
    PRECEDENT       reduce using rule 15 (global_definitions -> definitions .)
    CLAUSE          reduce using rule 15 (global_definitions -> definitions .)
    $end            reduce using rule 15 (global_definitions -> definitions .)


state 14

    (12) global_precedents -> precedents .

    DEFINE          reduce using rule 12 (global_precedents -> precedents .)
    DEFAULT         reduce using rule 12 (global_precedents -> precedents .)
    CONDITION       reduce using rule 12 (global_precedents -> precedents .)
    PRECEDENT       reduce using rule 12 (global_precedents -> precedents .)
    CLAUSE          reduce using rule 12 (global_precedents -> precedents .)
    $end            reduce using rule 12 (global_precedents -> precedents .)


state 15

    (16) global_defaults -> defaults .

    DEFINE          reduce using rule 16 (global_defaults -> defaults .)
    DEFAULT         reduce using rule 16 (global_defaults -> defaults .)
    CONDITION       reduce using rule 16 (global_defaults -> defaults .)
    PRECEDENT       reduce using rule 16 (global_defaults -> defaults .)
    CLAUSE          reduce using rule 16 (global_defaults -> defaults .)
    $end            reduce using rule 16 (global_defaults -> defaults .)


state 16

    (13) global_conditions -> conditions .

    DEFINE          reduce using rule 13 (global_conditions -> conditions .)
    DEFAULT         reduce using rule 13 (global_conditions -> conditions .)
    CONDITION       reduce using rule 13 (global_conditions -> conditions .)
    PRECEDENT       reduce using rule 13 (global_conditions -> conditions .)
    CLAUSE          reduce using rule 13 (global_conditions -> conditions .)
    $end            reduce using rule 13 (global_conditions -> conditions .)


state 17

    (14) global_clauses -> clauses .
    (18) clauses -> clauses . clause
    (19) clause -> . clause_keyword LBRACE STRING RBRACE COLON BLOCKSTART clause_statements BLOCKEND
    (20) clause_keyword -> . CLAUSE

  ! shift/reduce conflict for CLAUSE resolved as shift
    DEFINE          reduce using rule 14 (global_clauses -> clauses .)
    DEFAULT         reduce using rule 14 (global_clauses -> clauses .)
    CONDITION       reduce using rule 14 (global_clauses -> clauses .)
    PRECEDENT       reduce using rule 14 (global_clauses -> clauses .)
    $end            reduce using rule 14 (global_clauses -> clauses .)
    CLAUSE          shift and go to state 25

  ! CLAUSE          [ reduce using rule 14 (global_clauses -> clauses .) ]

    clause                         shift and go to state 28
    clause_keyword                 shift and go to state 24

state 18

    (59) definitions -> DEFINE . COLON BLOCKSTART pairs BLOCKEND

    COLON           shift and go to state 29


state 19

    (57) precedents -> precedent_keyword . LBRACE STRING RBRACE COLON BLOCKSTART clause_statements BLOCKEND

    LBRACE          shift and go to state 30


state 20

    (60) defaults -> DEFAULT . COLON BLOCKSTART pairs BLOCKEND

    COLON           shift and go to state 31


state 21

    (49) conditions -> CONDITION . COLON BLOCKSTART condition_statements BLOCKEND

    COLON           shift and go to state 32


state 22

    (17) clauses -> clause .

    CLAUSE          reduce using rule 17 (clauses -> clause .)
    DEFINE          reduce using rule 17 (clauses -> clause .)
    DEFAULT         reduce using rule 17 (clauses -> clause .)
    CONDITION       reduce using rule 17 (clauses -> clause .)
    PRECEDENT       reduce using rule 17 (clauses -> clause .)
    $end            reduce using rule 17 (clauses -> clause .)


state 23

    (58) precedent_keyword -> PRECEDENT .

    LBRACE          reduce using rule 58 (precedent_keyword -> PRECEDENT .)


state 24

    (19) clause -> clause_keyword . LBRACE STRING RBRACE COLON BLOCKSTART clause_statements BLOCKEND

    LBRACE          shift and go to state 33


state 25

    (20) clause_keyword -> CLAUSE .

    LBRACE          reduce using rule 20 (clause_keyword -> CLAUSE .)


state 26

    (6) code_blocks -> code_blocks declaration .

    DEFINE          reduce using rule 6 (code_blocks -> code_blocks declaration .)
    DEFAULT         reduce using rule 6 (code_blocks -> code_blocks declaration .)
    CONDITION       reduce using rule 6 (code_blocks -> code_blocks declaration .)
    PRECEDENT       reduce using rule 6 (code_blocks -> code_blocks declaration .)
    CLAUSE          reduce using rule 6 (code_blocks -> code_blocks declaration .)
    $end            reduce using rule 6 (code_blocks -> code_blocks declaration .)


state 27

    (157) line_indicator -> LINE INTEGER . STRING

    STRING          shift and go to state 34


state 28

    (18) clauses -> clauses clause .

    CLAUSE          reduce using rule 18 (clauses -> clauses clause .)
    DEFINE          reduce using rule 18 (clauses -> clauses clause .)
    DEFAULT         reduce using rule 18 (clauses -> clauses clause .)
    CONDITION       reduce using rule 18 (clauses -> clauses clause .)
    PRECEDENT       reduce using rule 18 (clauses -> clauses clause .)
    $end            reduce using rule 18 (clauses -> clauses clause .)


state 29

    (59) definitions -> DEFINE COLON . BLOCKSTART pairs BLOCKEND

    BLOCKSTART      shift and go to state 35


state 30

    (57) precedents -> precedent_keyword LBRACE . STRING RBRACE COLON BLOCKSTART clause_statements BLOCKEND

    STRING          shift and go to state 36


state 31

    (60) defaults -> DEFAULT COLON . BLOCKSTART pairs BLOCKEND

    BLOCKSTART      shift and go to state 37


state 32

    (49) conditions -> CONDITION COLON . BLOCKSTART condition_statements BLOCKEND

    BLOCKSTART      shift and go to state 38


state 33

    (19) clause -> clause_keyword LBRACE . STRING RBRACE COLON BLOCKSTART clause_statements BLOCKEND

    STRING          shift and go to state 39


state 34

    (157) line_indicator -> LINE INTEGER STRING .

    DEFINE          reduce using rule 157 (line_indicator -> LINE INTEGER STRING .)
    DEFAULT         reduce using rule 157 (line_indicator -> LINE INTEGER STRING .)
    CONDITION       reduce using rule 157 (line_indicator -> LINE INTEGER STRING .)
    PRECEDENT       reduce using rule 157 (line_indicator -> LINE INTEGER STRING .)
    CLAUSE          reduce using rule 157 (line_indicator -> LINE INTEGER STRING .)
    $end            reduce using rule 157 (line_indicator -> LINE INTEGER STRING .)


state 35

    (59) definitions -> DEFINE COLON BLOCKSTART . pairs BLOCKEND
    (142) pairs -> . pair
    (143) pairs -> . pairs COMMA pair
    (144) pair -> . key COLON value
    (145) key -> . IDENTIFIER

    IDENTIFIER      shift and go to state 43

    pairs                          shift and go to state 40
    pair                           shift and go to state 41
    key                            shift and go to state 42

state 36

    (57) precedents -> precedent_keyword LBRACE STRING . RBRACE COLON BLOCKSTART clause_statements BLOCKEND

    RBRACE          shift and go to state 44


state 37

    (60) defaults -> DEFAULT COLON BLOCKSTART . pairs BLOCKEND
    (142) pairs -> . pair
    (143) pairs -> . pairs COMMA pair
    (144) pair -> . key COLON value
    (145) key -> . IDENTIFIER

    IDENTIFIER      shift and go to state 43

    pairs                          shift and go to state 45
    pair                           shift and go to state 41
    key                            shift and go to state 42

state 38

    (49) conditions -> CONDITION COLON BLOCKSTART . condition_statements BLOCKEND
    (54) condition_statements -> . condition
    (55) condition_statements -> . condition_statements condition
    (56) condition -> . COLON expression

    COLON           shift and go to state 46

    condition_statements           shift and go to state 47
    condition                      shift and go to state 48

state 39

    (19) clause -> clause_keyword LBRACE STRING . RBRACE COLON BLOCKSTART clause_statements BLOCKEND

    RBRACE          shift and go to state 49


state 40

    (59) definitions -> DEFINE COLON BLOCKSTART pairs . BLOCKEND
    (143) pairs -> pairs . COMMA pair

    BLOCKEND        shift and go to state 50
    COMMA           shift and go to state 51


state 41

    (142) pairs -> pair .

    BLOCKEND        reduce using rule 142 (pairs -> pair .)
    COMMA           reduce using rule 142 (pairs -> pair .)


state 42

    (144) pair -> key . COLON value

    COLON           shift and go to state 52


state 43

    (145) key -> IDENTIFIER .

    COLON           reduce using rule 145 (key -> IDENTIFIER .)


state 44

    (57) precedents -> precedent_keyword LBRACE STRING RBRACE . COLON BLOCKSTART clause_statements BLOCKEND

    COLON           shift and go to state 53


state 45

    (60) defaults -> DEFAULT COLON BLOCKSTART pairs . BLOCKEND
    (143) pairs -> pairs . COMMA pair

    BLOCKEND        shift and go to state 54
    COMMA           shift and go to state 51


state 46

    (56) condition -> COLON . expression
    (61) expression -> . simple_expression
    (62) expression -> . compound_expression
    (63) simple_expression -> . expression_statement
    (64) compound_expression -> . scoped_expression
    (65) compound_expression -> . compound_expression AND scoped_expression
    (66) compound_expression -> . compound_expression OR scoped_expression
    (69) expression_statement -> . subject_is_object
    (70) expression_statement -> . subject_is_not_object
    (71) expression_statement -> . subject_has
    (72) expression_statement -> . subject_is_range
    (73) expression_statement -> . subject_in_range
    (74) expression_statement -> . subject_not_in_range
    (75) expression_statement -> . subject_comparison
    (67) scoped_expression -> . LPAREN expression_statement RPAREN
    (68) scoped_expression -> . LPAREN compound_expression RPAREN
    (82) subject_is_object -> . subject IS rvalue
    (83) subject_is_not_object -> . subject IS NOT rvalue
    (84) subject_has -> . subject HAS arg
    (85) subject_is_range -> . subject IS range_expression
    (86) subject_is_range -> . subject IS NOT range_expression
    (87) subject_in_range -> . subject IN range_expression
    (88) subject_not_in_range -> . subject NOT IN range_expression
    (76) subject_comparison -> . subject LT rvalue
    (77) subject_comparison -> . subject GT rvalue
    (78) subject_comparison -> . subject LTE rvalue
    (79) subject_comparison -> . subject GTE rvalue
    (80) subject_comparison -> . subject EQ rvalue
    (81) subject_comparison -> . subject NEQ rvalue
    (101) subject -> . identifier
    (102) subject -> . computed_variable
    (103) subject -> . functional_expression
    (152) identifier -> . IDENTIFIER
    (104) computed_variable -> . intersection_variable
    (105) computed_variable -> . tuple_variable
    (106) computed_variable -> . functional_expression
    (107) functional_expression -> . function LPAREN arglist RPAREN
    (125) intersection_variable -> . intersection DOT identifier
    (129) tuple_variable -> . tuple DOT identifier
    (108) function -> . MATH_ABS
    (109) function -> . MATH_MIN
    (110) function -> . MATH_MAX
    (111) function -> . MATH_FLOOR
    (112) function -> . MATH_MEAN
    (113) function -> . MATH_STD
    (114) function -> . FN_ADD
    (115) function -> . FN_DEL
    (116) function -> . FN_SET
    (117) function -> . FN_ISSET
    (118) function -> . FN_COUNT
    (119) function -> . FN_FEETS
    (120) function -> . FN_METERS
    (121) function -> . FN_MILES
    (122) function -> . FN_KMPH
    (123) function -> . FN_KNOT
    (124) function -> . FN_NMPHTOKMPH
    (126) intersection -> . LBRACE valuelist RBRACE
    (130) tuple -> . LPAREN rvalue COMMA rvalue RPAREN

    LPAREN          shift and go to state 67
    IDENTIFIER      shift and go to state 72
    MATH_ABS        shift and go to state 78
    MATH_MIN        shift and go to state 79
    MATH_MAX        shift and go to state 80
    MATH_FLOOR      shift and go to state 81
    MATH_MEAN       shift and go to state 82
    MATH_STD        shift and go to state 83
    FN_ADD          shift and go to state 84
    FN_DEL          shift and go to state 85
    FN_SET          shift and go to state 86
    FN_ISSET        shift and go to state 87
    FN_COUNT        shift and go to state 88
    FN_FEETS        shift and go to state 89
    FN_METERS       shift and go to state 90
    FN_MILES        shift and go to state 91
    FN_KMPH         shift and go to state 92
    FN_KNOT         shift and go to state 93
    FN_NMPHTOKMPH   shift and go to state 94
    LBRACE          shift and go to state 95

    expression                     shift and go to state 55
    simple_expression              shift and go to state 56
    compound_expression            shift and go to state 57
    expression_statement           shift and go to state 58
    scoped_expression              shift and go to state 59
    subject_is_object              shift and go to state 60
    subject_is_not_object          shift and go to state 61
    subject_has                    shift and go to state 62
    subject_is_range               shift and go to state 63
    subject_in_range               shift and go to state 64
    subject_not_in_range           shift and go to state 65
    subject_comparison             shift and go to state 66
    subject                        shift and go to state 68
    identifier                     shift and go to state 69
    computed_variable              shift and go to state 70
    functional_expression          shift and go to state 71
    intersection_variable          shift and go to state 73
    tuple_variable                 shift and go to state 74
    function                       shift and go to state 75
    intersection                   shift and go to state 76
    tuple                          shift and go to state 77

state 47

    (49) conditions -> CONDITION COLON BLOCKSTART condition_statements . BLOCKEND
    (55) condition_statements -> condition_statements . condition
    (56) condition -> . COLON expression

    BLOCKEND        shift and go to state 96
    COLON           shift and go to state 46

    condition                      shift and go to state 97

state 48

    (54) condition_statements -> condition .

    BLOCKEND        reduce using rule 54 (condition_statements -> condition .)
    COLON           reduce using rule 54 (condition_statements -> condition .)


state 49

    (19) clause -> clause_keyword LBRACE STRING RBRACE . COLON BLOCKSTART clause_statements BLOCKEND

    COLON           shift and go to state 98


state 50

    (59) definitions -> DEFINE COLON BLOCKSTART pairs BLOCKEND .

    DEFINE          reduce using rule 59 (definitions -> DEFINE COLON BLOCKSTART pairs BLOCKEND .)
    DEFAULT         reduce using rule 59 (definitions -> DEFINE COLON BLOCKSTART pairs BLOCKEND .)
    CONDITION       reduce using rule 59 (definitions -> DEFINE COLON BLOCKSTART pairs BLOCKEND .)
    PRECEDENT       reduce using rule 59 (definitions -> DEFINE COLON BLOCKSTART pairs BLOCKEND .)
    CLAUSE          reduce using rule 59 (definitions -> DEFINE COLON BLOCKSTART pairs BLOCKEND .)
    $end            reduce using rule 59 (definitions -> DEFINE COLON BLOCKSTART pairs BLOCKEND .)


state 51

    (143) pairs -> pairs COMMA . pair
    (144) pair -> . key COLON value
    (145) key -> . IDENTIFIER

    IDENTIFIER      shift and go to state 43

    pair                           shift and go to state 99
    key                            shift and go to state 42

state 52

    (144) pair -> key COLON . value
    (146) value -> . identifier
    (147) value -> . constant
    (152) identifier -> . IDENTIFIER
    (148) constant -> . FLOAT
    (149) constant -> . INTEGER
    (150) constant -> . STRING

    IDENTIFIER      shift and go to state 72
    FLOAT           shift and go to state 103
    INTEGER         shift and go to state 104
    STRING          shift and go to state 105

    value                          shift and go to state 100
    identifier                     shift and go to state 101
    constant                       shift and go to state 102

state 53

    (57) precedents -> precedent_keyword LBRACE STRING RBRACE COLON . BLOCKSTART clause_statements BLOCKEND

    BLOCKSTART      shift and go to state 106


state 54

    (60) defaults -> DEFAULT COLON BLOCKSTART pairs BLOCKEND .

    DEFINE          reduce using rule 60 (defaults -> DEFAULT COLON BLOCKSTART pairs BLOCKEND .)
    DEFAULT         reduce using rule 60 (defaults -> DEFAULT COLON BLOCKSTART pairs BLOCKEND .)
    CONDITION       reduce using rule 60 (defaults -> DEFAULT COLON BLOCKSTART pairs BLOCKEND .)
    PRECEDENT       reduce using rule 60 (defaults -> DEFAULT COLON BLOCKSTART pairs BLOCKEND .)
    CLAUSE          reduce using rule 60 (defaults -> DEFAULT COLON BLOCKSTART pairs BLOCKEND .)
    $end            reduce using rule 60 (defaults -> DEFAULT COLON BLOCKSTART pairs BLOCKEND .)


state 55

    (56) condition -> COLON expression .

    BLOCKEND        reduce using rule 56 (condition -> COLON expression .)
    COLON           reduce using rule 56 (condition -> COLON expression .)


state 56

    (61) expression -> simple_expression .

    BLOCKEND        reduce using rule 61 (expression -> simple_expression .)
    COLON           reduce using rule 61 (expression -> simple_expression .)
    AND             reduce using rule 61 (expression -> simple_expression .)
    OR              reduce using rule 61 (expression -> simple_expression .)


state 57

    (62) expression -> compound_expression .
    (65) compound_expression -> compound_expression . AND scoped_expression
    (66) compound_expression -> compound_expression . OR scoped_expression

  ! shift/reduce conflict for AND resolved as shift
  ! shift/reduce conflict for OR resolved as shift
    BLOCKEND        reduce using rule 62 (expression -> compound_expression .)
    COLON           reduce using rule 62 (expression -> compound_expression .)
    AND             shift and go to state 107
    OR              shift and go to state 108

  ! AND             [ reduce using rule 62 (expression -> compound_expression .) ]
  ! OR              [ reduce using rule 62 (expression -> compound_expression .) ]


state 58

    (63) simple_expression -> expression_statement .

    BLOCKEND        reduce using rule 63 (simple_expression -> expression_statement .)
    COLON           reduce using rule 63 (simple_expression -> expression_statement .)
    AND             reduce using rule 63 (simple_expression -> expression_statement .)
    OR              reduce using rule 63 (simple_expression -> expression_statement .)


state 59

    (64) compound_expression -> scoped_expression .

    AND             reduce using rule 64 (compound_expression -> scoped_expression .)
    OR              reduce using rule 64 (compound_expression -> scoped_expression .)
    BLOCKEND        reduce using rule 64 (compound_expression -> scoped_expression .)
    COLON           reduce using rule 64 (compound_expression -> scoped_expression .)
    RPAREN          reduce using rule 64 (compound_expression -> scoped_expression .)


state 60

    (69) expression_statement -> subject_is_object .

    BLOCKEND        reduce using rule 69 (expression_statement -> subject_is_object .)
    COLON           reduce using rule 69 (expression_statement -> subject_is_object .)
    RPAREN          reduce using rule 69 (expression_statement -> subject_is_object .)
    AND             reduce using rule 69 (expression_statement -> subject_is_object .)
    OR              reduce using rule 69 (expression_statement -> subject_is_object .)


state 61

    (70) expression_statement -> subject_is_not_object .

    BLOCKEND        reduce using rule 70 (expression_statement -> subject_is_not_object .)
    COLON           reduce using rule 70 (expression_statement -> subject_is_not_object .)
    RPAREN          reduce using rule 70 (expression_statement -> subject_is_not_object .)
    AND             reduce using rule 70 (expression_statement -> subject_is_not_object .)
    OR              reduce using rule 70 (expression_statement -> subject_is_not_object .)


state 62

    (71) expression_statement -> subject_has .

    BLOCKEND        reduce using rule 71 (expression_statement -> subject_has .)
    COLON           reduce using rule 71 (expression_statement -> subject_has .)
    RPAREN          reduce using rule 71 (expression_statement -> subject_has .)
    AND             reduce using rule 71 (expression_statement -> subject_has .)
    OR              reduce using rule 71 (expression_statement -> subject_has .)


state 63

    (72) expression_statement -> subject_is_range .

    BLOCKEND        reduce using rule 72 (expression_statement -> subject_is_range .)
    COLON           reduce using rule 72 (expression_statement -> subject_is_range .)
    RPAREN          reduce using rule 72 (expression_statement -> subject_is_range .)
    AND             reduce using rule 72 (expression_statement -> subject_is_range .)
    OR              reduce using rule 72 (expression_statement -> subject_is_range .)


state 64

    (73) expression_statement -> subject_in_range .

    BLOCKEND        reduce using rule 73 (expression_statement -> subject_in_range .)
    COLON           reduce using rule 73 (expression_statement -> subject_in_range .)
    RPAREN          reduce using rule 73 (expression_statement -> subject_in_range .)
    AND             reduce using rule 73 (expression_statement -> subject_in_range .)
    OR              reduce using rule 73 (expression_statement -> subject_in_range .)


state 65

    (74) expression_statement -> subject_not_in_range .

    BLOCKEND        reduce using rule 74 (expression_statement -> subject_not_in_range .)
    COLON           reduce using rule 74 (expression_statement -> subject_not_in_range .)
    RPAREN          reduce using rule 74 (expression_statement -> subject_not_in_range .)
    AND             reduce using rule 74 (expression_statement -> subject_not_in_range .)
    OR              reduce using rule 74 (expression_statement -> subject_not_in_range .)


state 66

    (75) expression_statement -> subject_comparison .

    BLOCKEND        reduce using rule 75 (expression_statement -> subject_comparison .)
    COLON           reduce using rule 75 (expression_statement -> subject_comparison .)
    RPAREN          reduce using rule 75 (expression_statement -> subject_comparison .)
    AND             reduce using rule 75 (expression_statement -> subject_comparison .)
    OR              reduce using rule 75 (expression_statement -> subject_comparison .)


state 67

    (67) scoped_expression -> LPAREN . expression_statement RPAREN
    (68) scoped_expression -> LPAREN . compound_expression RPAREN
    (130) tuple -> LPAREN . rvalue COMMA rvalue RPAREN
    (69) expression_statement -> . subject_is_object
    (70) expression_statement -> . subject_is_not_object
    (71) expression_statement -> . subject_has
    (72) expression_statement -> . subject_is_range
    (73) expression_statement -> . subject_in_range
    (74) expression_statement -> . subject_not_in_range
    (75) expression_statement -> . subject_comparison
    (64) compound_expression -> . scoped_expression
    (65) compound_expression -> . compound_expression AND scoped_expression
    (66) compound_expression -> . compound_expression OR scoped_expression
    (89) rvalue -> . object
    (90) rvalue -> . identifier
    (91) rvalue -> . number
    (92) rvalue -> . boolean
    (93) rvalue -> . constant
    (94) rvalue -> . functional_expression
    (82) subject_is_object -> . subject IS rvalue
    (83) subject_is_not_object -> . subject IS NOT rvalue
    (84) subject_has -> . subject HAS arg
    (85) subject_is_range -> . subject IS range_expression
    (86) subject_is_range -> . subject IS NOT range_expression
    (87) subject_in_range -> . subject IN range_expression
    (88) subject_not_in_range -> . subject NOT IN range_expression
    (76) subject_comparison -> . subject LT rvalue
    (77) subject_comparison -> . subject GT rvalue
    (78) subject_comparison -> . subject LTE rvalue
    (79) subject_comparison -> . subject GTE rvalue
    (80) subject_comparison -> . subject EQ rvalue
    (81) subject_comparison -> . subject NEQ rvalue
    (67) scoped_expression -> . LPAREN expression_statement RPAREN
    (68) scoped_expression -> . LPAREN compound_expression RPAREN
    (131) object -> . identifier
    (132) object -> . EMPTY
    (152) identifier -> . IDENTIFIER
    (155) number -> . INTEGER
    (156) number -> . FLOAT
    (153) boolean -> . TRUE
    (154) boolean -> . FALSE
    (148) constant -> . FLOAT
    (149) constant -> . INTEGER
    (150) constant -> . STRING
    (107) functional_expression -> . function LPAREN arglist RPAREN
    (101) subject -> . identifier
    (102) subject -> . computed_variable
    (103) subject -> . functional_expression
    (108) function -> . MATH_ABS
    (109) function -> . MATH_MIN
    (110) function -> . MATH_MAX
    (111) function -> . MATH_FLOOR
    (112) function -> . MATH_MEAN
    (113) function -> . MATH_STD
    (114) function -> . FN_ADD
    (115) function -> . FN_DEL
    (116) function -> . FN_SET
    (117) function -> . FN_ISSET
    (118) function -> . FN_COUNT
    (119) function -> . FN_FEETS
    (120) function -> . FN_METERS
    (121) function -> . FN_MILES
    (122) function -> . FN_KMPH
    (123) function -> . FN_KNOT
    (124) function -> . FN_NMPHTOKMPH
    (104) computed_variable -> . intersection_variable
    (105) computed_variable -> . tuple_variable
    (106) computed_variable -> . functional_expression
    (125) intersection_variable -> . intersection DOT identifier
    (129) tuple_variable -> . tuple DOT identifier
    (126) intersection -> . LBRACE valuelist RBRACE
    (130) tuple -> . LPAREN rvalue COMMA rvalue RPAREN

    LPAREN          shift and go to state 67
    EMPTY           shift and go to state 118
    IDENTIFIER      shift and go to state 72
    INTEGER         shift and go to state 119
    FLOAT           shift and go to state 120
    TRUE            shift and go to state 121
    FALSE           shift and go to state 122
    STRING          shift and go to state 105
    MATH_ABS        shift and go to state 78
    MATH_MIN        shift and go to state 79
    MATH_MAX        shift and go to state 80
    MATH_FLOOR      shift and go to state 81
    MATH_MEAN       shift and go to state 82
    MATH_STD        shift and go to state 83
    FN_ADD          shift and go to state 84
    FN_DEL          shift and go to state 85
    FN_SET          shift and go to state 86
    FN_ISSET        shift and go to state 87
    FN_COUNT        shift and go to state 88
    FN_FEETS        shift and go to state 89
    FN_METERS       shift and go to state 90
    FN_MILES        shift and go to state 91
    FN_KMPH         shift and go to state 92
    FN_KNOT         shift and go to state 93
    FN_NMPHTOKMPH   shift and go to state 94
    LBRACE          shift and go to state 95

    expression_statement           shift and go to state 109
    compound_expression            shift and go to state 110
    rvalue                         shift and go to state 111
    subject_is_object              shift and go to state 60
    subject_is_not_object          shift and go to state 61
    subject_has                    shift and go to state 62
    subject_is_range               shift and go to state 63
    subject_in_range               shift and go to state 64
    subject_not_in_range           shift and go to state 65
    subject_comparison             shift and go to state 66
    scoped_expression              shift and go to state 59
    object                         shift and go to state 112
    identifier                     shift and go to state 113
    number                         shift and go to state 114
    boolean                        shift and go to state 115
    constant                       shift and go to state 116
    functional_expression          shift and go to state 117
    subject                        shift and go to state 68
    function                       shift and go to state 75
    computed_variable              shift and go to state 70
    intersection_variable          shift and go to state 73
    tuple_variable                 shift and go to state 74
    intersection                   shift and go to state 76
    tuple                          shift and go to state 77

state 68

    (82) subject_is_object -> subject . IS rvalue
    (83) subject_is_not_object -> subject . IS NOT rvalue
    (84) subject_has -> subject . HAS arg
    (85) subject_is_range -> subject . IS range_expression
    (86) subject_is_range -> subject . IS NOT range_expression
    (87) subject_in_range -> subject . IN range_expression
    (88) subject_not_in_range -> subject . NOT IN range_expression
    (76) subject_comparison -> subject . LT rvalue
    (77) subject_comparison -> subject . GT rvalue
    (78) subject_comparison -> subject . LTE rvalue
    (79) subject_comparison -> subject . GTE rvalue
    (80) subject_comparison -> subject . EQ rvalue
    (81) subject_comparison -> subject . NEQ rvalue

    IS              shift and go to state 123
    HAS             shift and go to state 125
    IN              shift and go to state 126
    NOT             shift and go to state 124
    LT              shift and go to state 127
    GT              shift and go to state 128
    LTE             shift and go to state 129
    GTE             shift and go to state 130
    EQ              shift and go to state 131
    NEQ             shift and go to state 132


state 69

    (101) subject -> identifier .

    IS              reduce using rule 101 (subject -> identifier .)
    HAS             reduce using rule 101 (subject -> identifier .)
    IN              reduce using rule 101 (subject -> identifier .)
    NOT             reduce using rule 101 (subject -> identifier .)
    LT              reduce using rule 101 (subject -> identifier .)
    GT              reduce using rule 101 (subject -> identifier .)
    LTE             reduce using rule 101 (subject -> identifier .)
    GTE             reduce using rule 101 (subject -> identifier .)
    EQ              reduce using rule 101 (subject -> identifier .)
    NEQ             reduce using rule 101 (subject -> identifier .)


state 70

    (102) subject -> computed_variable .

    IS              reduce using rule 102 (subject -> computed_variable .)
    HAS             reduce using rule 102 (subject -> computed_variable .)
    IN              reduce using rule 102 (subject -> computed_variable .)
    NOT             reduce using rule 102 (subject -> computed_variable .)
    LT              reduce using rule 102 (subject -> computed_variable .)
    GT              reduce using rule 102 (subject -> computed_variable .)
    LTE             reduce using rule 102 (subject -> computed_variable .)
    GTE             reduce using rule 102 (subject -> computed_variable .)
    EQ              reduce using rule 102 (subject -> computed_variable .)
    NEQ             reduce using rule 102 (subject -> computed_variable .)


state 71

    (103) subject -> functional_expression .
    (106) computed_variable -> functional_expression .

  ! reduce/reduce conflict for IS resolved using rule 103 (subject -> functional_expression .)
  ! reduce/reduce conflict for HAS resolved using rule 103 (subject -> functional_expression .)
  ! reduce/reduce conflict for IN resolved using rule 103 (subject -> functional_expression .)
  ! reduce/reduce conflict for NOT resolved using rule 103 (subject -> functional_expression .)
  ! reduce/reduce conflict for LT resolved using rule 103 (subject -> functional_expression .)
  ! reduce/reduce conflict for GT resolved using rule 103 (subject -> functional_expression .)
  ! reduce/reduce conflict for LTE resolved using rule 103 (subject -> functional_expression .)
  ! reduce/reduce conflict for GTE resolved using rule 103 (subject -> functional_expression .)
  ! reduce/reduce conflict for EQ resolved using rule 103 (subject -> functional_expression .)
  ! reduce/reduce conflict for NEQ resolved using rule 103 (subject -> functional_expression .)
    IS              reduce using rule 103 (subject -> functional_expression .)
    HAS             reduce using rule 103 (subject -> functional_expression .)
    IN              reduce using rule 103 (subject -> functional_expression .)
    NOT             reduce using rule 103 (subject -> functional_expression .)
    LT              reduce using rule 103 (subject -> functional_expression .)
    GT              reduce using rule 103 (subject -> functional_expression .)
    LTE             reduce using rule 103 (subject -> functional_expression .)
    GTE             reduce using rule 103 (subject -> functional_expression .)
    EQ              reduce using rule 103 (subject -> functional_expression .)
    NEQ             reduce using rule 103 (subject -> functional_expression .)

  ! IS              [ reduce using rule 106 (computed_variable -> functional_expression .) ]
  ! HAS             [ reduce using rule 106 (computed_variable -> functional_expression .) ]
  ! IN              [ reduce using rule 106 (computed_variable -> functional_expression .) ]
  ! NOT             [ reduce using rule 106 (computed_variable -> functional_expression .) ]
  ! LT              [ reduce using rule 106 (computed_variable -> functional_expression .) ]
  ! GT              [ reduce using rule 106 (computed_variable -> functional_expression .) ]
  ! LTE             [ reduce using rule 106 (computed_variable -> functional_expression .) ]
  ! GTE             [ reduce using rule 106 (computed_variable -> functional_expression .) ]
  ! EQ              [ reduce using rule 106 (computed_variable -> functional_expression .) ]
  ! NEQ             [ reduce using rule 106 (computed_variable -> functional_expression .) ]


state 72

    (152) identifier -> IDENTIFIER .

    IS              reduce using rule 152 (identifier -> IDENTIFIER .)
    HAS             reduce using rule 152 (identifier -> IDENTIFIER .)
    IN              reduce using rule 152 (identifier -> IDENTIFIER .)
    NOT             reduce using rule 152 (identifier -> IDENTIFIER .)
    LT              reduce using rule 152 (identifier -> IDENTIFIER .)
    GT              reduce using rule 152 (identifier -> IDENTIFIER .)
    LTE             reduce using rule 152 (identifier -> IDENTIFIER .)
    GTE             reduce using rule 152 (identifier -> IDENTIFIER .)
    EQ              reduce using rule 152 (identifier -> IDENTIFIER .)
    NEQ             reduce using rule 152 (identifier -> IDENTIFIER .)
    BLOCKEND        reduce using rule 152 (identifier -> IDENTIFIER .)
    COMMA           reduce using rule 152 (identifier -> IDENTIFIER .)
    RBRACE          reduce using rule 152 (identifier -> IDENTIFIER .)
    COLON           reduce using rule 152 (identifier -> IDENTIFIER .)
    RPAREN          reduce using rule 152 (identifier -> IDENTIFIER .)
    AND             reduce using rule 152 (identifier -> IDENTIFIER .)
    OR              reduce using rule 152 (identifier -> IDENTIFIER .)


state 73

    (104) computed_variable -> intersection_variable .

    IS              reduce using rule 104 (computed_variable -> intersection_variable .)
    HAS             reduce using rule 104 (computed_variable -> intersection_variable .)
    IN              reduce using rule 104 (computed_variable -> intersection_variable .)
    NOT             reduce using rule 104 (computed_variable -> intersection_variable .)
    LT              reduce using rule 104 (computed_variable -> intersection_variable .)
    GT              reduce using rule 104 (computed_variable -> intersection_variable .)
    LTE             reduce using rule 104 (computed_variable -> intersection_variable .)
    GTE             reduce using rule 104 (computed_variable -> intersection_variable .)
    EQ              reduce using rule 104 (computed_variable -> intersection_variable .)
    NEQ             reduce using rule 104 (computed_variable -> intersection_variable .)
    BLOCKEND        reduce using rule 104 (computed_variable -> intersection_variable .)
    COLON           reduce using rule 104 (computed_variable -> intersection_variable .)
    RPAREN          reduce using rule 104 (computed_variable -> intersection_variable .)
    AND             reduce using rule 104 (computed_variable -> intersection_variable .)
    OR              reduce using rule 104 (computed_variable -> intersection_variable .)
    COMMA           reduce using rule 104 (computed_variable -> intersection_variable .)
    RBRACE          reduce using rule 104 (computed_variable -> intersection_variable .)


state 74

    (105) computed_variable -> tuple_variable .

    IS              reduce using rule 105 (computed_variable -> tuple_variable .)
    HAS             reduce using rule 105 (computed_variable -> tuple_variable .)
    IN              reduce using rule 105 (computed_variable -> tuple_variable .)
    NOT             reduce using rule 105 (computed_variable -> tuple_variable .)
    LT              reduce using rule 105 (computed_variable -> tuple_variable .)
    GT              reduce using rule 105 (computed_variable -> tuple_variable .)
    LTE             reduce using rule 105 (computed_variable -> tuple_variable .)
    GTE             reduce using rule 105 (computed_variable -> tuple_variable .)
    EQ              reduce using rule 105 (computed_variable -> tuple_variable .)
    NEQ             reduce using rule 105 (computed_variable -> tuple_variable .)
    BLOCKEND        reduce using rule 105 (computed_variable -> tuple_variable .)
    COLON           reduce using rule 105 (computed_variable -> tuple_variable .)
    RPAREN          reduce using rule 105 (computed_variable -> tuple_variable .)
    AND             reduce using rule 105 (computed_variable -> tuple_variable .)
    OR              reduce using rule 105 (computed_variable -> tuple_variable .)
    COMMA           reduce using rule 105 (computed_variable -> tuple_variable .)
    RBRACE          reduce using rule 105 (computed_variable -> tuple_variable .)


state 75

    (107) functional_expression -> function . LPAREN arglist RPAREN

    LPAREN          shift and go to state 133


state 76

    (125) intersection_variable -> intersection . DOT identifier

    DOT             shift and go to state 134


state 77

    (129) tuple_variable -> tuple . DOT identifier

    DOT             shift and go to state 135


state 78

    (108) function -> MATH_ABS .

    LPAREN          reduce using rule 108 (function -> MATH_ABS .)


state 79

    (109) function -> MATH_MIN .

    LPAREN          reduce using rule 109 (function -> MATH_MIN .)


state 80

    (110) function -> MATH_MAX .

    LPAREN          reduce using rule 110 (function -> MATH_MAX .)


state 81

    (111) function -> MATH_FLOOR .

    LPAREN          reduce using rule 111 (function -> MATH_FLOOR .)


state 82

    (112) function -> MATH_MEAN .

    LPAREN          reduce using rule 112 (function -> MATH_MEAN .)


state 83

    (113) function -> MATH_STD .

    LPAREN          reduce using rule 113 (function -> MATH_STD .)


state 84

    (114) function -> FN_ADD .

    LPAREN          reduce using rule 114 (function -> FN_ADD .)


state 85

    (115) function -> FN_DEL .

    LPAREN          reduce using rule 115 (function -> FN_DEL .)


state 86

    (116) function -> FN_SET .

    LPAREN          reduce using rule 116 (function -> FN_SET .)


state 87

    (117) function -> FN_ISSET .

    LPAREN          reduce using rule 117 (function -> FN_ISSET .)


state 88

    (118) function -> FN_COUNT .

    LPAREN          reduce using rule 118 (function -> FN_COUNT .)


state 89

    (119) function -> FN_FEETS .

    LPAREN          reduce using rule 119 (function -> FN_FEETS .)


state 90

    (120) function -> FN_METERS .

    LPAREN          reduce using rule 120 (function -> FN_METERS .)


state 91

    (121) function -> FN_MILES .

    LPAREN          reduce using rule 121 (function -> FN_MILES .)


state 92

    (122) function -> FN_KMPH .

    LPAREN          reduce using rule 122 (function -> FN_KMPH .)


state 93

    (123) function -> FN_KNOT .

    LPAREN          reduce using rule 123 (function -> FN_KNOT .)


state 94

    (124) function -> FN_NMPHTOKMPH .

    LPAREN          reduce using rule 124 (function -> FN_NMPHTOKMPH .)


state 95

    (126) intersection -> LBRACE . valuelist RBRACE
    (127) valuelist -> . rvalue
    (128) valuelist -> . valuelist COMMA rvalue
    (89) rvalue -> . object
    (90) rvalue -> . identifier
    (91) rvalue -> . number
    (92) rvalue -> . boolean
    (93) rvalue -> . constant
    (94) rvalue -> . functional_expression
    (131) object -> . identifier
    (132) object -> . EMPTY
    (152) identifier -> . IDENTIFIER
    (155) number -> . INTEGER
    (156) number -> . FLOAT
    (153) boolean -> . TRUE
    (154) boolean -> . FALSE
    (148) constant -> . FLOAT
    (149) constant -> . INTEGER
    (150) constant -> . STRING
    (107) functional_expression -> . function LPAREN arglist RPAREN
    (108) function -> . MATH_ABS
    (109) function -> . MATH_MIN
    (110) function -> . MATH_MAX
    (111) function -> . MATH_FLOOR
    (112) function -> . MATH_MEAN
    (113) function -> . MATH_STD
    (114) function -> . FN_ADD
    (115) function -> . FN_DEL
    (116) function -> . FN_SET
    (117) function -> . FN_ISSET
    (118) function -> . FN_COUNT
    (119) function -> . FN_FEETS
    (120) function -> . FN_METERS
    (121) function -> . FN_MILES
    (122) function -> . FN_KMPH
    (123) function -> . FN_KNOT
    (124) function -> . FN_NMPHTOKMPH

    EMPTY           shift and go to state 118
    IDENTIFIER      shift and go to state 72
    INTEGER         shift and go to state 119
    FLOAT           shift and go to state 120
    TRUE            shift and go to state 121
    FALSE           shift and go to state 122
    STRING          shift and go to state 105
    MATH_ABS        shift and go to state 78
    MATH_MIN        shift and go to state 79
    MATH_MAX        shift and go to state 80
    MATH_FLOOR      shift and go to state 81
    MATH_MEAN       shift and go to state 82
    MATH_STD        shift and go to state 83
    FN_ADD          shift and go to state 84
    FN_DEL          shift and go to state 85
    FN_SET          shift and go to state 86
    FN_ISSET        shift and go to state 87
    FN_COUNT        shift and go to state 88
    FN_FEETS        shift and go to state 89
    FN_METERS       shift and go to state 90
    FN_MILES        shift and go to state 91
    FN_KMPH         shift and go to state 92
    FN_KNOT         shift and go to state 93
    FN_NMPHTOKMPH   shift and go to state 94

    valuelist                      shift and go to state 136
    rvalue                         shift and go to state 137
    object                         shift and go to state 112
    identifier                     shift and go to state 138
    number                         shift and go to state 114
    boolean                        shift and go to state 115
    constant                       shift and go to state 116
    functional_expression          shift and go to state 139
    function                       shift and go to state 75

state 96

    (49) conditions -> CONDITION COLON BLOCKSTART condition_statements BLOCKEND .

    DEFINE          reduce using rule 49 (conditions -> CONDITION COLON BLOCKSTART condition_statements BLOCKEND .)
    DEFAULT         reduce using rule 49 (conditions -> CONDITION COLON BLOCKSTART condition_statements BLOCKEND .)
    CONDITION       reduce using rule 49 (conditions -> CONDITION COLON BLOCKSTART condition_statements BLOCKEND .)
    PRECEDENT       reduce using rule 49 (conditions -> CONDITION COLON BLOCKSTART condition_statements BLOCKEND .)
    CLAUSE          reduce using rule 49 (conditions -> CONDITION COLON BLOCKSTART condition_statements BLOCKEND .)
    $end            reduce using rule 49 (conditions -> CONDITION COLON BLOCKSTART condition_statements BLOCKEND .)
    EXCLUDE         reduce using rule 49 (conditions -> CONDITION COLON BLOCKSTART condition_statements BLOCKEND .)
    ASSURE          reduce using rule 49 (conditions -> CONDITION COLON BLOCKSTART condition_statements BLOCKEND .)
    OTHERWISE       reduce using rule 49 (conditions -> CONDITION COLON BLOCKSTART condition_statements BLOCKEND .)
    BLOCKEND        reduce using rule 49 (conditions -> CONDITION COLON BLOCKSTART condition_statements BLOCKEND .)


state 97

    (55) condition_statements -> condition_statements condition .

    BLOCKEND        reduce using rule 55 (condition_statements -> condition_statements condition .)
    COLON           reduce using rule 55 (condition_statements -> condition_statements condition .)


state 98

    (19) clause -> clause_keyword LBRACE STRING RBRACE COLON . BLOCKSTART clause_statements BLOCKEND

    BLOCKSTART      shift and go to state 140


state 99

    (143) pairs -> pairs COMMA pair .

    BLOCKEND        reduce using rule 143 (pairs -> pairs COMMA pair .)
    COMMA           reduce using rule 143 (pairs -> pairs COMMA pair .)


state 100

    (144) pair -> key COLON value .

    BLOCKEND        reduce using rule 144 (pair -> key COLON value .)
    COMMA           reduce using rule 144 (pair -> key COLON value .)


state 101

    (146) value -> identifier .

    BLOCKEND        reduce using rule 146 (value -> identifier .)
    COMMA           reduce using rule 146 (value -> identifier .)


state 102

    (147) value -> constant .

    BLOCKEND        reduce using rule 147 (value -> constant .)
    COMMA           reduce using rule 147 (value -> constant .)


state 103

    (148) constant -> FLOAT .

    BLOCKEND        reduce using rule 148 (constant -> FLOAT .)
    COMMA           reduce using rule 148 (constant -> FLOAT .)


state 104

    (149) constant -> INTEGER .

    BLOCKEND        reduce using rule 149 (constant -> INTEGER .)
    COMMA           reduce using rule 149 (constant -> INTEGER .)


state 105

    (150) constant -> STRING .

    BLOCKEND        reduce using rule 150 (constant -> STRING .)
    COMMA           reduce using rule 150 (constant -> STRING .)
    RBRACE          reduce using rule 150 (constant -> STRING .)
    COLON           reduce using rule 150 (constant -> STRING .)
    RPAREN          reduce using rule 150 (constant -> STRING .)
    AND             reduce using rule 150 (constant -> STRING .)
    OR              reduce using rule 150 (constant -> STRING .)


state 106

    (57) precedents -> precedent_keyword LBRACE STRING RBRACE COLON BLOCKSTART . clause_statements BLOCKEND
    (21) clause_statements -> . clause_statement
    (22) clause_statements -> . clause_statements clause_statement
    (23) clause_statement -> . COLON clause_body

    COLON           shift and go to state 141

    clause_statements              shift and go to state 142
    clause_statement               shift and go to state 143

state 107

    (65) compound_expression -> compound_expression AND . scoped_expression
    (67) scoped_expression -> . LPAREN expression_statement RPAREN
    (68) scoped_expression -> . LPAREN compound_expression RPAREN

    LPAREN          shift and go to state 145

    scoped_expression              shift and go to state 144

state 108

    (66) compound_expression -> compound_expression OR . scoped_expression
    (67) scoped_expression -> . LPAREN expression_statement RPAREN
    (68) scoped_expression -> . LPAREN compound_expression RPAREN

    LPAREN          shift and go to state 145

    scoped_expression              shift and go to state 146

state 109

    (67) scoped_expression -> LPAREN expression_statement . RPAREN

    RPAREN          shift and go to state 147


state 110

    (68) scoped_expression -> LPAREN compound_expression . RPAREN
    (65) compound_expression -> compound_expression . AND scoped_expression
    (66) compound_expression -> compound_expression . OR scoped_expression

    RPAREN          shift and go to state 148
    AND             shift and go to state 107
    OR              shift and go to state 108


state 111

    (130) tuple -> LPAREN rvalue . COMMA rvalue RPAREN

    COMMA           shift and go to state 149


state 112

    (89) rvalue -> object .

    COMMA           reduce using rule 89 (rvalue -> object .)
    RBRACE          reduce using rule 89 (rvalue -> object .)
    BLOCKEND        reduce using rule 89 (rvalue -> object .)
    COLON           reduce using rule 89 (rvalue -> object .)
    RPAREN          reduce using rule 89 (rvalue -> object .)
    AND             reduce using rule 89 (rvalue -> object .)
    OR              reduce using rule 89 (rvalue -> object .)


state 113

    (90) rvalue -> identifier .
    (131) object -> identifier .
    (101) subject -> identifier .

  ! reduce/reduce conflict for COMMA resolved using rule 90 (rvalue -> identifier .)
    COMMA           reduce using rule 90 (rvalue -> identifier .)
    IS              reduce using rule 101 (subject -> identifier .)
    HAS             reduce using rule 101 (subject -> identifier .)
    IN              reduce using rule 101 (subject -> identifier .)
    NOT             reduce using rule 101 (subject -> identifier .)
    LT              reduce using rule 101 (subject -> identifier .)
    GT              reduce using rule 101 (subject -> identifier .)
    LTE             reduce using rule 101 (subject -> identifier .)
    GTE             reduce using rule 101 (subject -> identifier .)
    EQ              reduce using rule 101 (subject -> identifier .)
    NEQ             reduce using rule 101 (subject -> identifier .)

  ! COMMA           [ reduce using rule 131 (object -> identifier .) ]


state 114

    (91) rvalue -> number .

    COMMA           reduce using rule 91 (rvalue -> number .)
    RBRACE          reduce using rule 91 (rvalue -> number .)
    BLOCKEND        reduce using rule 91 (rvalue -> number .)
    COLON           reduce using rule 91 (rvalue -> number .)
    RPAREN          reduce using rule 91 (rvalue -> number .)
    AND             reduce using rule 91 (rvalue -> number .)
    OR              reduce using rule 91 (rvalue -> number .)


state 115

    (92) rvalue -> boolean .

    COMMA           reduce using rule 92 (rvalue -> boolean .)
    RBRACE          reduce using rule 92 (rvalue -> boolean .)
    BLOCKEND        reduce using rule 92 (rvalue -> boolean .)
    COLON           reduce using rule 92 (rvalue -> boolean .)
    RPAREN          reduce using rule 92 (rvalue -> boolean .)
    AND             reduce using rule 92 (rvalue -> boolean .)
    OR              reduce using rule 92 (rvalue -> boolean .)


state 116

    (93) rvalue -> constant .

    COMMA           reduce using rule 93 (rvalue -> constant .)
    RBRACE          reduce using rule 93 (rvalue -> constant .)
    BLOCKEND        reduce using rule 93 (rvalue -> constant .)
    COLON           reduce using rule 93 (rvalue -> constant .)
    RPAREN          reduce using rule 93 (rvalue -> constant .)
    AND             reduce using rule 93 (rvalue -> constant .)
    OR              reduce using rule 93 (rvalue -> constant .)


state 117

    (94) rvalue -> functional_expression .
    (103) subject -> functional_expression .
    (106) computed_variable -> functional_expression .

  ! reduce/reduce conflict for IS resolved using rule 103 (subject -> functional_expression .)
  ! reduce/reduce conflict for HAS resolved using rule 103 (subject -> functional_expression .)
  ! reduce/reduce conflict for IN resolved using rule 103 (subject -> functional_expression .)
  ! reduce/reduce conflict for NOT resolved using rule 103 (subject -> functional_expression .)
  ! reduce/reduce conflict for LT resolved using rule 103 (subject -> functional_expression .)
  ! reduce/reduce conflict for GT resolved using rule 103 (subject -> functional_expression .)
  ! reduce/reduce conflict for LTE resolved using rule 103 (subject -> functional_expression .)
  ! reduce/reduce conflict for GTE resolved using rule 103 (subject -> functional_expression .)
  ! reduce/reduce conflict for EQ resolved using rule 103 (subject -> functional_expression .)
  ! reduce/reduce conflict for NEQ resolved using rule 103 (subject -> functional_expression .)
    COMMA           reduce using rule 94 (rvalue -> functional_expression .)
    IS              reduce using rule 103 (subject -> functional_expression .)
    HAS             reduce using rule 103 (subject -> functional_expression .)
    IN              reduce using rule 103 (subject -> functional_expression .)
    NOT             reduce using rule 103 (subject -> functional_expression .)
    LT              reduce using rule 103 (subject -> functional_expression .)
    GT              reduce using rule 103 (subject -> functional_expression .)
    LTE             reduce using rule 103 (subject -> functional_expression .)
    GTE             reduce using rule 103 (subject -> functional_expression .)
    EQ              reduce using rule 103 (subject -> functional_expression .)
    NEQ             reduce using rule 103 (subject -> functional_expression .)

  ! IS              [ reduce using rule 106 (computed_variable -> functional_expression .) ]
  ! HAS             [ reduce using rule 106 (computed_variable -> functional_expression .) ]
  ! IN              [ reduce using rule 106 (computed_variable -> functional_expression .) ]
  ! NOT             [ reduce using rule 106 (computed_variable -> functional_expression .) ]
  ! LT              [ reduce using rule 106 (computed_variable -> functional_expression .) ]
  ! GT              [ reduce using rule 106 (computed_variable -> functional_expression .) ]
  ! LTE             [ reduce using rule 106 (computed_variable -> functional_expression .) ]
  ! GTE             [ reduce using rule 106 (computed_variable -> functional_expression .) ]
  ! EQ              [ reduce using rule 106 (computed_variable -> functional_expression .) ]
  ! NEQ             [ reduce using rule 106 (computed_variable -> functional_expression .) ]


state 118

    (132) object -> EMPTY .

    COMMA           reduce using rule 132 (object -> EMPTY .)
    RBRACE          reduce using rule 132 (object -> EMPTY .)
    BLOCKEND        reduce using rule 132 (object -> EMPTY .)
    COLON           reduce using rule 132 (object -> EMPTY .)
    RPAREN          reduce using rule 132 (object -> EMPTY .)
    AND             reduce using rule 132 (object -> EMPTY .)
    OR              reduce using rule 132 (object -> EMPTY .)


state 119

    (155) number -> INTEGER .
    (149) constant -> INTEGER .

  ! reduce/reduce conflict for COMMA resolved using rule 149 (constant -> INTEGER .)
  ! reduce/reduce conflict for RBRACE resolved using rule 149 (constant -> INTEGER .)
  ! reduce/reduce conflict for BLOCKEND resolved using rule 149 (constant -> INTEGER .)
  ! reduce/reduce conflict for COLON resolved using rule 149 (constant -> INTEGER .)
  ! reduce/reduce conflict for RPAREN resolved using rule 149 (constant -> INTEGER .)
  ! reduce/reduce conflict for AND resolved using rule 149 (constant -> INTEGER .)
  ! reduce/reduce conflict for OR resolved using rule 149 (constant -> INTEGER .)
    COMMA           reduce using rule 149 (constant -> INTEGER .)
    RBRACE          reduce using rule 149 (constant -> INTEGER .)
    BLOCKEND        reduce using rule 149 (constant -> INTEGER .)
    COLON           reduce using rule 149 (constant -> INTEGER .)
    RPAREN          reduce using rule 149 (constant -> INTEGER .)
    AND             reduce using rule 149 (constant -> INTEGER .)
    OR              reduce using rule 149 (constant -> INTEGER .)

  ! COMMA           [ reduce using rule 155 (number -> INTEGER .) ]
  ! RBRACE          [ reduce using rule 155 (number -> INTEGER .) ]
  ! BLOCKEND        [ reduce using rule 155 (number -> INTEGER .) ]
  ! COLON           [ reduce using rule 155 (number -> INTEGER .) ]
  ! RPAREN          [ reduce using rule 155 (number -> INTEGER .) ]
  ! AND             [ reduce using rule 155 (number -> INTEGER .) ]
  ! OR              [ reduce using rule 155 (number -> INTEGER .) ]


state 120

    (156) number -> FLOAT .
    (148) constant -> FLOAT .

  ! reduce/reduce conflict for COMMA resolved using rule 148 (constant -> FLOAT .)
  ! reduce/reduce conflict for RBRACE resolved using rule 148 (constant -> FLOAT .)
  ! reduce/reduce conflict for BLOCKEND resolved using rule 148 (constant -> FLOAT .)
  ! reduce/reduce conflict for COLON resolved using rule 148 (constant -> FLOAT .)
  ! reduce/reduce conflict for RPAREN resolved using rule 148 (constant -> FLOAT .)
  ! reduce/reduce conflict for AND resolved using rule 148 (constant -> FLOAT .)
  ! reduce/reduce conflict for OR resolved using rule 148 (constant -> FLOAT .)
    COMMA           reduce using rule 148 (constant -> FLOAT .)
    RBRACE          reduce using rule 148 (constant -> FLOAT .)
    BLOCKEND        reduce using rule 148 (constant -> FLOAT .)
    COLON           reduce using rule 148 (constant -> FLOAT .)
    RPAREN          reduce using rule 148 (constant -> FLOAT .)
    AND             reduce using rule 148 (constant -> FLOAT .)
    OR              reduce using rule 148 (constant -> FLOAT .)

  ! COMMA           [ reduce using rule 156 (number -> FLOAT .) ]
  ! RBRACE          [ reduce using rule 156 (number -> FLOAT .) ]
  ! BLOCKEND        [ reduce using rule 156 (number -> FLOAT .) ]
  ! COLON           [ reduce using rule 156 (number -> FLOAT .) ]
  ! RPAREN          [ reduce using rule 156 (number -> FLOAT .) ]
  ! AND             [ reduce using rule 156 (number -> FLOAT .) ]
  ! OR              [ reduce using rule 156 (number -> FLOAT .) ]


state 121

    (153) boolean -> TRUE .

    COMMA           reduce using rule 153 (boolean -> TRUE .)
    RBRACE          reduce using rule 153 (boolean -> TRUE .)
    BLOCKEND        reduce using rule 153 (boolean -> TRUE .)
    COLON           reduce using rule 153 (boolean -> TRUE .)
    RPAREN          reduce using rule 153 (boolean -> TRUE .)
    AND             reduce using rule 153 (boolean -> TRUE .)
    OR              reduce using rule 153 (boolean -> TRUE .)


state 122

    (154) boolean -> FALSE .

    COMMA           reduce using rule 154 (boolean -> FALSE .)
    RBRACE          reduce using rule 154 (boolean -> FALSE .)
    BLOCKEND        reduce using rule 154 (boolean -> FALSE .)
    COLON           reduce using rule 154 (boolean -> FALSE .)
    RPAREN          reduce using rule 154 (boolean -> FALSE .)
    AND             reduce using rule 154 (boolean -> FALSE .)
    OR              reduce using rule 154 (boolean -> FALSE .)


state 123

    (82) subject_is_object -> subject IS . rvalue
    (83) subject_is_not_object -> subject IS . NOT rvalue
    (85) subject_is_range -> subject IS . range_expression
    (86) subject_is_range -> subject IS . NOT range_expression
    (89) rvalue -> . object
    (90) rvalue -> . identifier
    (91) rvalue -> . number
    (92) rvalue -> . boolean
    (93) rvalue -> . constant
    (94) rvalue -> . functional_expression
    (95) range_expression -> . array
    (96) range_expression -> . range
    (97) range_expression -> . angle
    (98) range_expression -> . identifier
    (131) object -> . identifier
    (132) object -> . EMPTY
    (152) identifier -> . IDENTIFIER
    (155) number -> . INTEGER
    (156) number -> . FLOAT
    (153) boolean -> . TRUE
    (154) boolean -> . FALSE
    (148) constant -> . FLOAT
    (149) constant -> . INTEGER
    (150) constant -> . STRING
    (107) functional_expression -> . function LPAREN arglist RPAREN
    (133) array -> . LBRACE arglist RBRACE
    (99) range -> . RANGE LPAREN rvalue COMMA rvalue RPAREN
    (100) angle -> . ANGLE LPAREN rvalue COMMA rvalue RPAREN
    (108) function -> . MATH_ABS
    (109) function -> . MATH_MIN
    (110) function -> . MATH_MAX
    (111) function -> . MATH_FLOOR
    (112) function -> . MATH_MEAN
    (113) function -> . MATH_STD
    (114) function -> . FN_ADD
    (115) function -> . FN_DEL
    (116) function -> . FN_SET
    (117) function -> . FN_ISSET
    (118) function -> . FN_COUNT
    (119) function -> . FN_FEETS
    (120) function -> . FN_METERS
    (121) function -> . FN_MILES
    (122) function -> . FN_KMPH
    (123) function -> . FN_KNOT
    (124) function -> . FN_NMPHTOKMPH

    NOT             shift and go to state 151
    EMPTY           shift and go to state 118
    IDENTIFIER      shift and go to state 72
    INTEGER         shift and go to state 119
    FLOAT           shift and go to state 120
    TRUE            shift and go to state 121
    FALSE           shift and go to state 122
    STRING          shift and go to state 105
    LBRACE          shift and go to state 157
    RANGE           shift and go to state 158
    ANGLE           shift and go to state 159
    MATH_ABS        shift and go to state 78
    MATH_MIN        shift and go to state 79
    MATH_MAX        shift and go to state 80
    MATH_FLOOR      shift and go to state 81
    MATH_MEAN       shift and go to state 82
    MATH_STD        shift and go to state 83
    FN_ADD          shift and go to state 84
    FN_DEL          shift and go to state 85
    FN_SET          shift and go to state 86
    FN_ISSET        shift and go to state 87
    FN_COUNT        shift and go to state 88
    FN_FEETS        shift and go to state 89
    FN_METERS       shift and go to state 90
    FN_MILES        shift and go to state 91
    FN_KMPH         shift and go to state 92
    FN_KNOT         shift and go to state 93
    FN_NMPHTOKMPH   shift and go to state 94

    rvalue                         shift and go to state 150
    range_expression               shift and go to state 152
    object                         shift and go to state 112
    identifier                     shift and go to state 153
    number                         shift and go to state 114
    boolean                        shift and go to state 115
    constant                       shift and go to state 116
    functional_expression          shift and go to state 139
    array                          shift and go to state 154
    range                          shift and go to state 155
    angle                          shift and go to state 156
    function                       shift and go to state 75

state 124

    (88) subject_not_in_range -> subject NOT . IN range_expression

    IN              shift and go to state 160


state 125

    (84) subject_has -> subject HAS . arg
    (136) arg -> . computed_variable
    (137) arg -> . identifier
    (138) arg -> . number
    (139) arg -> . boolean
    (140) arg -> . constant
    (141) arg -> . EMPTY
    (104) computed_variable -> . intersection_variable
    (105) computed_variable -> . tuple_variable
    (106) computed_variable -> . functional_expression
    (152) identifier -> . IDENTIFIER
    (155) number -> . INTEGER
    (156) number -> . FLOAT
    (153) boolean -> . TRUE
    (154) boolean -> . FALSE
    (148) constant -> . FLOAT
    (149) constant -> . INTEGER
    (150) constant -> . STRING
    (125) intersection_variable -> . intersection DOT identifier
    (129) tuple_variable -> . tuple DOT identifier
    (107) functional_expression -> . function LPAREN arglist RPAREN
    (126) intersection -> . LBRACE valuelist RBRACE
    (130) tuple -> . LPAREN rvalue COMMA rvalue RPAREN
    (108) function -> . MATH_ABS
    (109) function -> . MATH_MIN
    (110) function -> . MATH_MAX
    (111) function -> . MATH_FLOOR
    (112) function -> . MATH_MEAN
    (113) function -> . MATH_STD
    (114) function -> . FN_ADD
    (115) function -> . FN_DEL
    (116) function -> . FN_SET
    (117) function -> . FN_ISSET
    (118) function -> . FN_COUNT
    (119) function -> . FN_FEETS
    (120) function -> . FN_METERS
    (121) function -> . FN_MILES
    (122) function -> . FN_KMPH
    (123) function -> . FN_KNOT
    (124) function -> . FN_NMPHTOKMPH

    EMPTY           shift and go to state 167
    IDENTIFIER      shift and go to state 72
    INTEGER         shift and go to state 119
    FLOAT           shift and go to state 120
    TRUE            shift and go to state 121
    FALSE           shift and go to state 122
    STRING          shift and go to state 105
    LBRACE          shift and go to state 95
    LPAREN          shift and go to state 169
    MATH_ABS        shift and go to state 78
    MATH_MIN        shift and go to state 79
    MATH_MAX        shift and go to state 80
    MATH_FLOOR      shift and go to state 81
    MATH_MEAN       shift and go to state 82
    MATH_STD        shift and go to state 83
    FN_ADD          shift and go to state 84
    FN_DEL          shift and go to state 85
    FN_SET          shift and go to state 86
    FN_ISSET        shift and go to state 87
    FN_COUNT        shift and go to state 88
    FN_FEETS        shift and go to state 89
    FN_METERS       shift and go to state 90
    FN_MILES        shift and go to state 91
    FN_KMPH         shift and go to state 92
    FN_KNOT         shift and go to state 93
    FN_NMPHTOKMPH   shift and go to state 94

    arg                            shift and go to state 161
    computed_variable              shift and go to state 162
    identifier                     shift and go to state 163
    number                         shift and go to state 164
    boolean                        shift and go to state 165
    constant                       shift and go to state 166
    intersection_variable          shift and go to state 73
    tuple_variable                 shift and go to state 74
    functional_expression          shift and go to state 168
    intersection                   shift and go to state 76
    tuple                          shift and go to state 77
    function                       shift and go to state 75

state 126

    (87) subject_in_range -> subject IN . range_expression
    (95) range_expression -> . array
    (96) range_expression -> . range
    (97) range_expression -> . angle
    (98) range_expression -> . identifier
    (133) array -> . LBRACE arglist RBRACE
    (99) range -> . RANGE LPAREN rvalue COMMA rvalue RPAREN
    (100) angle -> . ANGLE LPAREN rvalue COMMA rvalue RPAREN
    (152) identifier -> . IDENTIFIER

    LBRACE          shift and go to state 157
    RANGE           shift and go to state 158
    ANGLE           shift and go to state 159
    IDENTIFIER      shift and go to state 72

    range_expression               shift and go to state 170
    array                          shift and go to state 154
    range                          shift and go to state 155
    angle                          shift and go to state 156
    identifier                     shift and go to state 171

state 127

    (76) subject_comparison -> subject LT . rvalue
    (89) rvalue -> . object
    (90) rvalue -> . identifier
    (91) rvalue -> . number
    (92) rvalue -> . boolean
    (93) rvalue -> . constant
    (94) rvalue -> . functional_expression
    (131) object -> . identifier
    (132) object -> . EMPTY
    (152) identifier -> . IDENTIFIER
    (155) number -> . INTEGER
    (156) number -> . FLOAT
    (153) boolean -> . TRUE
    (154) boolean -> . FALSE
    (148) constant -> . FLOAT
    (149) constant -> . INTEGER
    (150) constant -> . STRING
    (107) functional_expression -> . function LPAREN arglist RPAREN
    (108) function -> . MATH_ABS
    (109) function -> . MATH_MIN
    (110) function -> . MATH_MAX
    (111) function -> . MATH_FLOOR
    (112) function -> . MATH_MEAN
    (113) function -> . MATH_STD
    (114) function -> . FN_ADD
    (115) function -> . FN_DEL
    (116) function -> . FN_SET
    (117) function -> . FN_ISSET
    (118) function -> . FN_COUNT
    (119) function -> . FN_FEETS
    (120) function -> . FN_METERS
    (121) function -> . FN_MILES
    (122) function -> . FN_KMPH
    (123) function -> . FN_KNOT
    (124) function -> . FN_NMPHTOKMPH

    EMPTY           shift and go to state 118
    IDENTIFIER      shift and go to state 72
    INTEGER         shift and go to state 119
    FLOAT           shift and go to state 120
    TRUE            shift and go to state 121
    FALSE           shift and go to state 122
    STRING          shift and go to state 105
    MATH_ABS        shift and go to state 78
    MATH_MIN        shift and go to state 79
    MATH_MAX        shift and go to state 80
    MATH_FLOOR      shift and go to state 81
    MATH_MEAN       shift and go to state 82
    MATH_STD        shift and go to state 83
    FN_ADD          shift and go to state 84
    FN_DEL          shift and go to state 85
    FN_SET          shift and go to state 86
    FN_ISSET        shift and go to state 87
    FN_COUNT        shift and go to state 88
    FN_FEETS        shift and go to state 89
    FN_METERS       shift and go to state 90
    FN_MILES        shift and go to state 91
    FN_KMPH         shift and go to state 92
    FN_KNOT         shift and go to state 93
    FN_NMPHTOKMPH   shift and go to state 94

    rvalue                         shift and go to state 172
    object                         shift and go to state 112
    identifier                     shift and go to state 138
    number                         shift and go to state 114
    boolean                        shift and go to state 115
    constant                       shift and go to state 116
    functional_expression          shift and go to state 139
    function                       shift and go to state 75

state 128

    (77) subject_comparison -> subject GT . rvalue
    (89) rvalue -> . object
    (90) rvalue -> . identifier
    (91) rvalue -> . number
    (92) rvalue -> . boolean
    (93) rvalue -> . constant
    (94) rvalue -> . functional_expression
    (131) object -> . identifier
    (132) object -> . EMPTY
    (152) identifier -> . IDENTIFIER
    (155) number -> . INTEGER
    (156) number -> . FLOAT
    (153) boolean -> . TRUE
    (154) boolean -> . FALSE
    (148) constant -> . FLOAT
    (149) constant -> . INTEGER
    (150) constant -> . STRING
    (107) functional_expression -> . function LPAREN arglist RPAREN
    (108) function -> . MATH_ABS
    (109) function -> . MATH_MIN
    (110) function -> . MATH_MAX
    (111) function -> . MATH_FLOOR
    (112) function -> . MATH_MEAN
    (113) function -> . MATH_STD
    (114) function -> . FN_ADD
    (115) function -> . FN_DEL
    (116) function -> . FN_SET
    (117) function -> . FN_ISSET
    (118) function -> . FN_COUNT
    (119) function -> . FN_FEETS
    (120) function -> . FN_METERS
    (121) function -> . FN_MILES
    (122) function -> . FN_KMPH
    (123) function -> . FN_KNOT
    (124) function -> . FN_NMPHTOKMPH

    EMPTY           shift and go to state 118
    IDENTIFIER      shift and go to state 72
    INTEGER         shift and go to state 119
    FLOAT           shift and go to state 120
    TRUE            shift and go to state 121
    FALSE           shift and go to state 122
    STRING          shift and go to state 105
    MATH_ABS        shift and go to state 78
    MATH_MIN        shift and go to state 79
    MATH_MAX        shift and go to state 80
    MATH_FLOOR      shift and go to state 81
    MATH_MEAN       shift and go to state 82
    MATH_STD        shift and go to state 83
    FN_ADD          shift and go to state 84
    FN_DEL          shift and go to state 85
    FN_SET          shift and go to state 86
    FN_ISSET        shift and go to state 87
    FN_COUNT        shift and go to state 88
    FN_FEETS        shift and go to state 89
    FN_METERS       shift and go to state 90
    FN_MILES        shift and go to state 91
    FN_KMPH         shift and go to state 92
    FN_KNOT         shift and go to state 93
    FN_NMPHTOKMPH   shift and go to state 94

    rvalue                         shift and go to state 173
    object                         shift and go to state 112
    identifier                     shift and go to state 138
    number                         shift and go to state 114
    boolean                        shift and go to state 115
    constant                       shift and go to state 116
    functional_expression          shift and go to state 139
    function                       shift and go to state 75

state 129

    (78) subject_comparison -> subject LTE . rvalue
    (89) rvalue -> . object
    (90) rvalue -> . identifier
    (91) rvalue -> . number
    (92) rvalue -> . boolean
    (93) rvalue -> . constant
    (94) rvalue -> . functional_expression
    (131) object -> . identifier
    (132) object -> . EMPTY
    (152) identifier -> . IDENTIFIER
    (155) number -> . INTEGER
    (156) number -> . FLOAT
    (153) boolean -> . TRUE
    (154) boolean -> . FALSE
    (148) constant -> . FLOAT
    (149) constant -> . INTEGER
    (150) constant -> . STRING
    (107) functional_expression -> . function LPAREN arglist RPAREN
    (108) function -> . MATH_ABS
    (109) function -> . MATH_MIN
    (110) function -> . MATH_MAX
    (111) function -> . MATH_FLOOR
    (112) function -> . MATH_MEAN
    (113) function -> . MATH_STD
    (114) function -> . FN_ADD
    (115) function -> . FN_DEL
    (116) function -> . FN_SET
    (117) function -> . FN_ISSET
    (118) function -> . FN_COUNT
    (119) function -> . FN_FEETS
    (120) function -> . FN_METERS
    (121) function -> . FN_MILES
    (122) function -> . FN_KMPH
    (123) function -> . FN_KNOT
    (124) function -> . FN_NMPHTOKMPH

    EMPTY           shift and go to state 118
    IDENTIFIER      shift and go to state 72
    INTEGER         shift and go to state 119
    FLOAT           shift and go to state 120
    TRUE            shift and go to state 121
    FALSE           shift and go to state 122
    STRING          shift and go to state 105
    MATH_ABS        shift and go to state 78
    MATH_MIN        shift and go to state 79
    MATH_MAX        shift and go to state 80
    MATH_FLOOR      shift and go to state 81
    MATH_MEAN       shift and go to state 82
    MATH_STD        shift and go to state 83
    FN_ADD          shift and go to state 84
    FN_DEL          shift and go to state 85
    FN_SET          shift and go to state 86
    FN_ISSET        shift and go to state 87
    FN_COUNT        shift and go to state 88
    FN_FEETS        shift and go to state 89
    FN_METERS       shift and go to state 90
    FN_MILES        shift and go to state 91
    FN_KMPH         shift and go to state 92
    FN_KNOT         shift and go to state 93
    FN_NMPHTOKMPH   shift and go to state 94

    rvalue                         shift and go to state 174
    object                         shift and go to state 112
    identifier                     shift and go to state 138
    number                         shift and go to state 114
    boolean                        shift and go to state 115
    constant                       shift and go to state 116
    functional_expression          shift and go to state 139
    function                       shift and go to state 75

state 130

    (79) subject_comparison -> subject GTE . rvalue
    (89) rvalue -> . object
    (90) rvalue -> . identifier
    (91) rvalue -> . number
    (92) rvalue -> . boolean
    (93) rvalue -> . constant
    (94) rvalue -> . functional_expression
    (131) object -> . identifier
    (132) object -> . EMPTY
    (152) identifier -> . IDENTIFIER
    (155) number -> . INTEGER
    (156) number -> . FLOAT
    (153) boolean -> . TRUE
    (154) boolean -> . FALSE
    (148) constant -> . FLOAT
    (149) constant -> . INTEGER
    (150) constant -> . STRING
    (107) functional_expression -> . function LPAREN arglist RPAREN
    (108) function -> . MATH_ABS
    (109) function -> . MATH_MIN
    (110) function -> . MATH_MAX
    (111) function -> . MATH_FLOOR
    (112) function -> . MATH_MEAN
    (113) function -> . MATH_STD
    (114) function -> . FN_ADD
    (115) function -> . FN_DEL
    (116) function -> . FN_SET
    (117) function -> . FN_ISSET
    (118) function -> . FN_COUNT
    (119) function -> . FN_FEETS
    (120) function -> . FN_METERS
    (121) function -> . FN_MILES
    (122) function -> . FN_KMPH
    (123) function -> . FN_KNOT
    (124) function -> . FN_NMPHTOKMPH

    EMPTY           shift and go to state 118
    IDENTIFIER      shift and go to state 72
    INTEGER         shift and go to state 119
    FLOAT           shift and go to state 120
    TRUE            shift and go to state 121
    FALSE           shift and go to state 122
    STRING          shift and go to state 105
    MATH_ABS        shift and go to state 78
    MATH_MIN        shift and go to state 79
    MATH_MAX        shift and go to state 80
    MATH_FLOOR      shift and go to state 81
    MATH_MEAN       shift and go to state 82
    MATH_STD        shift and go to state 83
    FN_ADD          shift and go to state 84
    FN_DEL          shift and go to state 85
    FN_SET          shift and go to state 86
    FN_ISSET        shift and go to state 87
    FN_COUNT        shift and go to state 88
    FN_FEETS        shift and go to state 89
    FN_METERS       shift and go to state 90
    FN_MILES        shift and go to state 91
    FN_KMPH         shift and go to state 92
    FN_KNOT         shift and go to state 93
    FN_NMPHTOKMPH   shift and go to state 94

    rvalue                         shift and go to state 175
    object                         shift and go to state 112
    identifier                     shift and go to state 138
    number                         shift and go to state 114
    boolean                        shift and go to state 115
    constant                       shift and go to state 116
    functional_expression          shift and go to state 139
    function                       shift and go to state 75

state 131

    (80) subject_comparison -> subject EQ . rvalue
    (89) rvalue -> . object
    (90) rvalue -> . identifier
    (91) rvalue -> . number
    (92) rvalue -> . boolean
    (93) rvalue -> . constant
    (94) rvalue -> . functional_expression
    (131) object -> . identifier
    (132) object -> . EMPTY
    (152) identifier -> . IDENTIFIER
    (155) number -> . INTEGER
    (156) number -> . FLOAT
    (153) boolean -> . TRUE
    (154) boolean -> . FALSE
    (148) constant -> . FLOAT
    (149) constant -> . INTEGER
    (150) constant -> . STRING
    (107) functional_expression -> . function LPAREN arglist RPAREN
    (108) function -> . MATH_ABS
    (109) function -> . MATH_MIN
    (110) function -> . MATH_MAX
    (111) function -> . MATH_FLOOR
    (112) function -> . MATH_MEAN
    (113) function -> . MATH_STD
    (114) function -> . FN_ADD
    (115) function -> . FN_DEL
    (116) function -> . FN_SET
    (117) function -> . FN_ISSET
    (118) function -> . FN_COUNT
    (119) function -> . FN_FEETS
    (120) function -> . FN_METERS
    (121) function -> . FN_MILES
    (122) function -> . FN_KMPH
    (123) function -> . FN_KNOT
    (124) function -> . FN_NMPHTOKMPH

    EMPTY           shift and go to state 118
    IDENTIFIER      shift and go to state 72
    INTEGER         shift and go to state 119
    FLOAT           shift and go to state 120
    TRUE            shift and go to state 121
    FALSE           shift and go to state 122
    STRING          shift and go to state 105
    MATH_ABS        shift and go to state 78
    MATH_MIN        shift and go to state 79
    MATH_MAX        shift and go to state 80
    MATH_FLOOR      shift and go to state 81
    MATH_MEAN       shift and go to state 82
    MATH_STD        shift and go to state 83
    FN_ADD          shift and go to state 84
    FN_DEL          shift and go to state 85
    FN_SET          shift and go to state 86
    FN_ISSET        shift and go to state 87
    FN_COUNT        shift and go to state 88
    FN_FEETS        shift and go to state 89
    FN_METERS       shift and go to state 90
    FN_MILES        shift and go to state 91
    FN_KMPH         shift and go to state 92
    FN_KNOT         shift and go to state 93
    FN_NMPHTOKMPH   shift and go to state 94

    rvalue                         shift and go to state 176
    object                         shift and go to state 112
    identifier                     shift and go to state 138
    number                         shift and go to state 114
    boolean                        shift and go to state 115
    constant                       shift and go to state 116
    functional_expression          shift and go to state 139
    function                       shift and go to state 75

state 132

    (81) subject_comparison -> subject NEQ . rvalue
    (89) rvalue -> . object
    (90) rvalue -> . identifier
    (91) rvalue -> . number
    (92) rvalue -> . boolean
    (93) rvalue -> . constant
    (94) rvalue -> . functional_expression
    (131) object -> . identifier
    (132) object -> . EMPTY
    (152) identifier -> . IDENTIFIER
    (155) number -> . INTEGER
    (156) number -> . FLOAT
    (153) boolean -> . TRUE
    (154) boolean -> . FALSE
    (148) constant -> . FLOAT
    (149) constant -> . INTEGER
    (150) constant -> . STRING
    (107) functional_expression -> . function LPAREN arglist RPAREN
    (108) function -> . MATH_ABS
    (109) function -> . MATH_MIN
    (110) function -> . MATH_MAX
    (111) function -> . MATH_FLOOR
    (112) function -> . MATH_MEAN
    (113) function -> . MATH_STD
    (114) function -> . FN_ADD
    (115) function -> . FN_DEL
    (116) function -> . FN_SET
    (117) function -> . FN_ISSET
    (118) function -> . FN_COUNT
    (119) function -> . FN_FEETS
    (120) function -> . FN_METERS
    (121) function -> . FN_MILES
    (122) function -> . FN_KMPH
    (123) function -> . FN_KNOT
    (124) function -> . FN_NMPHTOKMPH

    EMPTY           shift and go to state 118
    IDENTIFIER      shift and go to state 72
    INTEGER         shift and go to state 119
    FLOAT           shift and go to state 120
    TRUE            shift and go to state 121
    FALSE           shift and go to state 122
    STRING          shift and go to state 105
    MATH_ABS        shift and go to state 78
    MATH_MIN        shift and go to state 79
    MATH_MAX        shift and go to state 80
    MATH_FLOOR      shift and go to state 81
    MATH_MEAN       shift and go to state 82
    MATH_STD        shift and go to state 83
    FN_ADD          shift and go to state 84
    FN_DEL          shift and go to state 85
    FN_SET          shift and go to state 86
    FN_ISSET        shift and go to state 87
    FN_COUNT        shift and go to state 88
    FN_FEETS        shift and go to state 89
    FN_METERS       shift and go to state 90
    FN_MILES        shift and go to state 91
    FN_KMPH         shift and go to state 92
    FN_KNOT         shift and go to state 93
    FN_NMPHTOKMPH   shift and go to state 94

    rvalue                         shift and go to state 177
    object                         shift and go to state 112
    identifier                     shift and go to state 138
    number                         shift and go to state 114
    boolean                        shift and go to state 115
    constant                       shift and go to state 116
    functional_expression          shift and go to state 139
    function                       shift and go to state 75

state 133

    (107) functional_expression -> function LPAREN . arglist RPAREN
    (134) arglist -> . arg
    (135) arglist -> . arglist COMMA arg
    (136) arg -> . computed_variable
    (137) arg -> . identifier
    (138) arg -> . number
    (139) arg -> . boolean
    (140) arg -> . constant
    (141) arg -> . EMPTY
    (104) computed_variable -> . intersection_variable
    (105) computed_variable -> . tuple_variable
    (106) computed_variable -> . functional_expression
    (152) identifier -> . IDENTIFIER
    (155) number -> . INTEGER
    (156) number -> . FLOAT
    (153) boolean -> . TRUE
    (154) boolean -> . FALSE
    (148) constant -> . FLOAT
    (149) constant -> . INTEGER
    (150) constant -> . STRING
    (125) intersection_variable -> . intersection DOT identifier
    (129) tuple_variable -> . tuple DOT identifier
    (107) functional_expression -> . function LPAREN arglist RPAREN
    (126) intersection -> . LBRACE valuelist RBRACE
    (130) tuple -> . LPAREN rvalue COMMA rvalue RPAREN
    (108) function -> . MATH_ABS
    (109) function -> . MATH_MIN
    (110) function -> . MATH_MAX
    (111) function -> . MATH_FLOOR
    (112) function -> . MATH_MEAN
    (113) function -> . MATH_STD
    (114) function -> . FN_ADD
    (115) function -> . FN_DEL
    (116) function -> . FN_SET
    (117) function -> . FN_ISSET
    (118) function -> . FN_COUNT
    (119) function -> . FN_FEETS
    (120) function -> . FN_METERS
    (121) function -> . FN_MILES
    (122) function -> . FN_KMPH
    (123) function -> . FN_KNOT
    (124) function -> . FN_NMPHTOKMPH

    EMPTY           shift and go to state 167
    IDENTIFIER      shift and go to state 72
    INTEGER         shift and go to state 119
    FLOAT           shift and go to state 120
    TRUE            shift and go to state 121
    FALSE           shift and go to state 122
    STRING          shift and go to state 105
    LBRACE          shift and go to state 95
    LPAREN          shift and go to state 169
    MATH_ABS        shift and go to state 78
    MATH_MIN        shift and go to state 79
    MATH_MAX        shift and go to state 80
    MATH_FLOOR      shift and go to state 81
    MATH_MEAN       shift and go to state 82
    MATH_STD        shift and go to state 83
    FN_ADD          shift and go to state 84
    FN_DEL          shift and go to state 85
    FN_SET          shift and go to state 86
    FN_ISSET        shift and go to state 87
    FN_COUNT        shift and go to state 88
    FN_FEETS        shift and go to state 89
    FN_METERS       shift and go to state 90
    FN_MILES        shift and go to state 91
    FN_KMPH         shift and go to state 92
    FN_KNOT         shift and go to state 93
    FN_NMPHTOKMPH   shift and go to state 94

    function                       shift and go to state 75
    arglist                        shift and go to state 178
    arg                            shift and go to state 179
    computed_variable              shift and go to state 162
    identifier                     shift and go to state 163
    number                         shift and go to state 164
    boolean                        shift and go to state 165
    constant                       shift and go to state 166
    intersection_variable          shift and go to state 73
    tuple_variable                 shift and go to state 74
    functional_expression          shift and go to state 168
    intersection                   shift and go to state 76
    tuple                          shift and go to state 77

state 134

    (125) intersection_variable -> intersection DOT . identifier
    (152) identifier -> . IDENTIFIER

    IDENTIFIER      shift and go to state 72

    identifier                     shift and go to state 180

state 135

    (129) tuple_variable -> tuple DOT . identifier
    (152) identifier -> . IDENTIFIER

    IDENTIFIER      shift and go to state 72

    identifier                     shift and go to state 181

state 136

    (126) intersection -> LBRACE valuelist . RBRACE
    (128) valuelist -> valuelist . COMMA rvalue

    RBRACE          shift and go to state 182
    COMMA           shift and go to state 183


state 137

    (127) valuelist -> rvalue .

    RBRACE          reduce using rule 127 (valuelist -> rvalue .)
    COMMA           reduce using rule 127 (valuelist -> rvalue .)


state 138

    (90) rvalue -> identifier .
    (131) object -> identifier .

  ! reduce/reduce conflict for RBRACE resolved using rule 90 (rvalue -> identifier .)
  ! reduce/reduce conflict for COMMA resolved using rule 90 (rvalue -> identifier .)
  ! reduce/reduce conflict for BLOCKEND resolved using rule 90 (rvalue -> identifier .)
  ! reduce/reduce conflict for COLON resolved using rule 90 (rvalue -> identifier .)
  ! reduce/reduce conflict for RPAREN resolved using rule 90 (rvalue -> identifier .)
  ! reduce/reduce conflict for AND resolved using rule 90 (rvalue -> identifier .)
  ! reduce/reduce conflict for OR resolved using rule 90 (rvalue -> identifier .)
    RBRACE          reduce using rule 90 (rvalue -> identifier .)
    COMMA           reduce using rule 90 (rvalue -> identifier .)
    BLOCKEND        reduce using rule 90 (rvalue -> identifier .)
    COLON           reduce using rule 90 (rvalue -> identifier .)
    RPAREN          reduce using rule 90 (rvalue -> identifier .)
    AND             reduce using rule 90 (rvalue -> identifier .)
    OR              reduce using rule 90 (rvalue -> identifier .)

  ! RBRACE          [ reduce using rule 131 (object -> identifier .) ]
  ! COMMA           [ reduce using rule 131 (object -> identifier .) ]
  ! BLOCKEND        [ reduce using rule 131 (object -> identifier .) ]
  ! COLON           [ reduce using rule 131 (object -> identifier .) ]
  ! RPAREN          [ reduce using rule 131 (object -> identifier .) ]
  ! AND             [ reduce using rule 131 (object -> identifier .) ]
  ! OR              [ reduce using rule 131 (object -> identifier .) ]


state 139

    (94) rvalue -> functional_expression .

    RBRACE          reduce using rule 94 (rvalue -> functional_expression .)
    COMMA           reduce using rule 94 (rvalue -> functional_expression .)
    BLOCKEND        reduce using rule 94 (rvalue -> functional_expression .)
    COLON           reduce using rule 94 (rvalue -> functional_expression .)
    RPAREN          reduce using rule 94 (rvalue -> functional_expression .)
    AND             reduce using rule 94 (rvalue -> functional_expression .)
    OR              reduce using rule 94 (rvalue -> functional_expression .)


state 140

    (19) clause -> clause_keyword LBRACE STRING RBRACE COLON BLOCKSTART . clause_statements BLOCKEND
    (21) clause_statements -> . clause_statement
    (22) clause_statements -> . clause_statements clause_statement
    (23) clause_statement -> . COLON clause_body

    COLON           shift and go to state 141

    clause_statements              shift and go to state 184
    clause_statement               shift and go to state 143

state 141

    (23) clause_statement -> COLON . clause_body
    (24) clause_body -> . BLOCKSTART conditions exclusions assurances contradictions BLOCKEND

    BLOCKSTART      shift and go to state 186

    clause_body                    shift and go to state 185

state 142

    (57) precedents -> precedent_keyword LBRACE STRING RBRACE COLON BLOCKSTART clause_statements . BLOCKEND
    (22) clause_statements -> clause_statements . clause_statement
    (23) clause_statement -> . COLON clause_body

    BLOCKEND        shift and go to state 187
    COLON           shift and go to state 141

    clause_statement               shift and go to state 188

state 143

    (21) clause_statements -> clause_statement .

    BLOCKEND        reduce using rule 21 (clause_statements -> clause_statement .)
    COLON           reduce using rule 21 (clause_statements -> clause_statement .)


state 144

    (65) compound_expression -> compound_expression AND scoped_expression .

    AND             reduce using rule 65 (compound_expression -> compound_expression AND scoped_expression .)
    OR              reduce using rule 65 (compound_expression -> compound_expression AND scoped_expression .)
    BLOCKEND        reduce using rule 65 (compound_expression -> compound_expression AND scoped_expression .)
    COLON           reduce using rule 65 (compound_expression -> compound_expression AND scoped_expression .)
    RPAREN          reduce using rule 65 (compound_expression -> compound_expression AND scoped_expression .)


state 145

    (67) scoped_expression -> LPAREN . expression_statement RPAREN
    (68) scoped_expression -> LPAREN . compound_expression RPAREN
    (69) expression_statement -> . subject_is_object
    (70) expression_statement -> . subject_is_not_object
    (71) expression_statement -> . subject_has
    (72) expression_statement -> . subject_is_range
    (73) expression_statement -> . subject_in_range
    (74) expression_statement -> . subject_not_in_range
    (75) expression_statement -> . subject_comparison
    (64) compound_expression -> . scoped_expression
    (65) compound_expression -> . compound_expression AND scoped_expression
    (66) compound_expression -> . compound_expression OR scoped_expression
    (82) subject_is_object -> . subject IS rvalue
    (83) subject_is_not_object -> . subject IS NOT rvalue
    (84) subject_has -> . subject HAS arg
    (85) subject_is_range -> . subject IS range_expression
    (86) subject_is_range -> . subject IS NOT range_expression
    (87) subject_in_range -> . subject IN range_expression
    (88) subject_not_in_range -> . subject NOT IN range_expression
    (76) subject_comparison -> . subject LT rvalue
    (77) subject_comparison -> . subject GT rvalue
    (78) subject_comparison -> . subject LTE rvalue
    (79) subject_comparison -> . subject GTE rvalue
    (80) subject_comparison -> . subject EQ rvalue
    (81) subject_comparison -> . subject NEQ rvalue
    (67) scoped_expression -> . LPAREN expression_statement RPAREN
    (68) scoped_expression -> . LPAREN compound_expression RPAREN
    (101) subject -> . identifier
    (102) subject -> . computed_variable
    (103) subject -> . functional_expression
    (152) identifier -> . IDENTIFIER
    (104) computed_variable -> . intersection_variable
    (105) computed_variable -> . tuple_variable
    (106) computed_variable -> . functional_expression
    (107) functional_expression -> . function LPAREN arglist RPAREN
    (125) intersection_variable -> . intersection DOT identifier
    (129) tuple_variable -> . tuple DOT identifier
    (108) function -> . MATH_ABS
    (109) function -> . MATH_MIN
    (110) function -> . MATH_MAX
    (111) function -> . MATH_FLOOR
    (112) function -> . MATH_MEAN
    (113) function -> . MATH_STD
    (114) function -> . FN_ADD
    (115) function -> . FN_DEL
    (116) function -> . FN_SET
    (117) function -> . FN_ISSET
    (118) function -> . FN_COUNT
    (119) function -> . FN_FEETS
    (120) function -> . FN_METERS
    (121) function -> . FN_MILES
    (122) function -> . FN_KMPH
    (123) function -> . FN_KNOT
    (124) function -> . FN_NMPHTOKMPH
    (126) intersection -> . LBRACE valuelist RBRACE
    (130) tuple -> . LPAREN rvalue COMMA rvalue RPAREN

    LPAREN          shift and go to state 67
    IDENTIFIER      shift and go to state 72
    MATH_ABS        shift and go to state 78
    MATH_MIN        shift and go to state 79
    MATH_MAX        shift and go to state 80
    MATH_FLOOR      shift and go to state 81
    MATH_MEAN       shift and go to state 82
    MATH_STD        shift and go to state 83
    FN_ADD          shift and go to state 84
    FN_DEL          shift and go to state 85
    FN_SET          shift and go to state 86
    FN_ISSET        shift and go to state 87
    FN_COUNT        shift and go to state 88
    FN_FEETS        shift and go to state 89
    FN_METERS       shift and go to state 90
    FN_MILES        shift and go to state 91
    FN_KMPH         shift and go to state 92
    FN_KNOT         shift and go to state 93
    FN_NMPHTOKMPH   shift and go to state 94
    LBRACE          shift and go to state 95

    expression_statement           shift and go to state 109
    compound_expression            shift and go to state 110
    subject_is_object              shift and go to state 60
    subject_is_not_object          shift and go to state 61
    subject_has                    shift and go to state 62
    subject_is_range               shift and go to state 63
    subject_in_range               shift and go to state 64
    subject_not_in_range           shift and go to state 65
    subject_comparison             shift and go to state 66
    scoped_expression              shift and go to state 59
    subject                        shift and go to state 68
    identifier                     shift and go to state 69
    computed_variable              shift and go to state 70
    functional_expression          shift and go to state 71
    intersection_variable          shift and go to state 73
    tuple_variable                 shift and go to state 74
    function                       shift and go to state 75
    intersection                   shift and go to state 76
    tuple                          shift and go to state 77

state 146

    (66) compound_expression -> compound_expression OR scoped_expression .

    AND             reduce using rule 66 (compound_expression -> compound_expression OR scoped_expression .)
    OR              reduce using rule 66 (compound_expression -> compound_expression OR scoped_expression .)
    BLOCKEND        reduce using rule 66 (compound_expression -> compound_expression OR scoped_expression .)
    COLON           reduce using rule 66 (compound_expression -> compound_expression OR scoped_expression .)
    RPAREN          reduce using rule 66 (compound_expression -> compound_expression OR scoped_expression .)


state 147

    (67) scoped_expression -> LPAREN expression_statement RPAREN .

    AND             reduce using rule 67 (scoped_expression -> LPAREN expression_statement RPAREN .)
    OR              reduce using rule 67 (scoped_expression -> LPAREN expression_statement RPAREN .)
    BLOCKEND        reduce using rule 67 (scoped_expression -> LPAREN expression_statement RPAREN .)
    COLON           reduce using rule 67 (scoped_expression -> LPAREN expression_statement RPAREN .)
    RPAREN          reduce using rule 67 (scoped_expression -> LPAREN expression_statement RPAREN .)


state 148

    (68) scoped_expression -> LPAREN compound_expression RPAREN .

    AND             reduce using rule 68 (scoped_expression -> LPAREN compound_expression RPAREN .)
    OR              reduce using rule 68 (scoped_expression -> LPAREN compound_expression RPAREN .)
    BLOCKEND        reduce using rule 68 (scoped_expression -> LPAREN compound_expression RPAREN .)
    COLON           reduce using rule 68 (scoped_expression -> LPAREN compound_expression RPAREN .)
    RPAREN          reduce using rule 68 (scoped_expression -> LPAREN compound_expression RPAREN .)


state 149

    (130) tuple -> LPAREN rvalue COMMA . rvalue RPAREN
    (89) rvalue -> . object
    (90) rvalue -> . identifier
    (91) rvalue -> . number
    (92) rvalue -> . boolean
    (93) rvalue -> . constant
    (94) rvalue -> . functional_expression
    (131) object -> . identifier
    (132) object -> . EMPTY
    (152) identifier -> . IDENTIFIER
    (155) number -> . INTEGER
    (156) number -> . FLOAT
    (153) boolean -> . TRUE
    (154) boolean -> . FALSE
    (148) constant -> . FLOAT
    (149) constant -> . INTEGER
    (150) constant -> . STRING
    (107) functional_expression -> . function LPAREN arglist RPAREN
    (108) function -> . MATH_ABS
    (109) function -> . MATH_MIN
    (110) function -> . MATH_MAX
    (111) function -> . MATH_FLOOR
    (112) function -> . MATH_MEAN
    (113) function -> . MATH_STD
    (114) function -> . FN_ADD
    (115) function -> . FN_DEL
    (116) function -> . FN_SET
    (117) function -> . FN_ISSET
    (118) function -> . FN_COUNT
    (119) function -> . FN_FEETS
    (120) function -> . FN_METERS
    (121) function -> . FN_MILES
    (122) function -> . FN_KMPH
    (123) function -> . FN_KNOT
    (124) function -> . FN_NMPHTOKMPH

    EMPTY           shift and go to state 118
    IDENTIFIER      shift and go to state 72
    INTEGER         shift and go to state 119
    FLOAT           shift and go to state 120
    TRUE            shift and go to state 121
    FALSE           shift and go to state 122
    STRING          shift and go to state 105
    MATH_ABS        shift and go to state 78
    MATH_MIN        shift and go to state 79
    MATH_MAX        shift and go to state 80
    MATH_FLOOR      shift and go to state 81
    MATH_MEAN       shift and go to state 82
    MATH_STD        shift and go to state 83
    FN_ADD          shift and go to state 84
    FN_DEL          shift and go to state 85
    FN_SET          shift and go to state 86
    FN_ISSET        shift and go to state 87
    FN_COUNT        shift and go to state 88
    FN_FEETS        shift and go to state 89
    FN_METERS       shift and go to state 90
    FN_MILES        shift and go to state 91
    FN_KMPH         shift and go to state 92
    FN_KNOT         shift and go to state 93
    FN_NMPHTOKMPH   shift and go to state 94

    rvalue                         shift and go to state 189
    object                         shift and go to state 112
    identifier                     shift and go to state 138
    number                         shift and go to state 114
    boolean                        shift and go to state 115
    constant                       shift and go to state 116
    functional_expression          shift and go to state 139
    function                       shift and go to state 75

state 150

    (82) subject_is_object -> subject IS rvalue .

    BLOCKEND        reduce using rule 82 (subject_is_object -> subject IS rvalue .)
    COLON           reduce using rule 82 (subject_is_object -> subject IS rvalue .)
    RPAREN          reduce using rule 82 (subject_is_object -> subject IS rvalue .)
    AND             reduce using rule 82 (subject_is_object -> subject IS rvalue .)
    OR              reduce using rule 82 (subject_is_object -> subject IS rvalue .)


state 151

    (83) subject_is_not_object -> subject IS NOT . rvalue
    (86) subject_is_range -> subject IS NOT . range_expression
    (89) rvalue -> . object
    (90) rvalue -> . identifier
    (91) rvalue -> . number
    (92) rvalue -> . boolean
    (93) rvalue -> . constant
    (94) rvalue -> . functional_expression
    (95) range_expression -> . array
    (96) range_expression -> . range
    (97) range_expression -> . angle
    (98) range_expression -> . identifier
    (131) object -> . identifier
    (132) object -> . EMPTY
    (152) identifier -> . IDENTIFIER
    (155) number -> . INTEGER
    (156) number -> . FLOAT
    (153) boolean -> . TRUE
    (154) boolean -> . FALSE
    (148) constant -> . FLOAT
    (149) constant -> . INTEGER
    (150) constant -> . STRING
    (107) functional_expression -> . function LPAREN arglist RPAREN
    (133) array -> . LBRACE arglist RBRACE
    (99) range -> . RANGE LPAREN rvalue COMMA rvalue RPAREN
    (100) angle -> . ANGLE LPAREN rvalue COMMA rvalue RPAREN
    (108) function -> . MATH_ABS
    (109) function -> . MATH_MIN
    (110) function -> . MATH_MAX
    (111) function -> . MATH_FLOOR
    (112) function -> . MATH_MEAN
    (113) function -> . MATH_STD
    (114) function -> . FN_ADD
    (115) function -> . FN_DEL
    (116) function -> . FN_SET
    (117) function -> . FN_ISSET
    (118) function -> . FN_COUNT
    (119) function -> . FN_FEETS
    (120) function -> . FN_METERS
    (121) function -> . FN_MILES
    (122) function -> . FN_KMPH
    (123) function -> . FN_KNOT
    (124) function -> . FN_NMPHTOKMPH

    EMPTY           shift and go to state 118
    IDENTIFIER      shift and go to state 72
    INTEGER         shift and go to state 119
    FLOAT           shift and go to state 120
    TRUE            shift and go to state 121
    FALSE           shift and go to state 122
    STRING          shift and go to state 105
    LBRACE          shift and go to state 157
    RANGE           shift and go to state 158
    ANGLE           shift and go to state 159
    MATH_ABS        shift and go to state 78
    MATH_MIN        shift and go to state 79
    MATH_MAX        shift and go to state 80
    MATH_FLOOR      shift and go to state 81
    MATH_MEAN       shift and go to state 82
    MATH_STD        shift and go to state 83
    FN_ADD          shift and go to state 84
    FN_DEL          shift and go to state 85
    FN_SET          shift and go to state 86
    FN_ISSET        shift and go to state 87
    FN_COUNT        shift and go to state 88
    FN_FEETS        shift and go to state 89
    FN_METERS       shift and go to state 90
    FN_MILES        shift and go to state 91
    FN_KMPH         shift and go to state 92
    FN_KNOT         shift and go to state 93
    FN_NMPHTOKMPH   shift and go to state 94

    rvalue                         shift and go to state 190
    range_expression               shift and go to state 191
    object                         shift and go to state 112
    identifier                     shift and go to state 153
    number                         shift and go to state 114
    boolean                        shift and go to state 115
    constant                       shift and go to state 116
    functional_expression          shift and go to state 139
    array                          shift and go to state 154
    range                          shift and go to state 155
    angle                          shift and go to state 156
    function                       shift and go to state 75

state 152

    (85) subject_is_range -> subject IS range_expression .

    BLOCKEND        reduce using rule 85 (subject_is_range -> subject IS range_expression .)
    COLON           reduce using rule 85 (subject_is_range -> subject IS range_expression .)
    RPAREN          reduce using rule 85 (subject_is_range -> subject IS range_expression .)
    AND             reduce using rule 85 (subject_is_range -> subject IS range_expression .)
    OR              reduce using rule 85 (subject_is_range -> subject IS range_expression .)


state 153

    (90) rvalue -> identifier .
    (98) range_expression -> identifier .
    (131) object -> identifier .

  ! reduce/reduce conflict for BLOCKEND resolved using rule 90 (rvalue -> identifier .)
  ! reduce/reduce conflict for COLON resolved using rule 90 (rvalue -> identifier .)
  ! reduce/reduce conflict for RPAREN resolved using rule 90 (rvalue -> identifier .)
  ! reduce/reduce conflict for AND resolved using rule 90 (rvalue -> identifier .)
  ! reduce/reduce conflict for OR resolved using rule 90 (rvalue -> identifier .)
  ! reduce/reduce conflict for BLOCKEND resolved using rule 90 (rvalue -> identifier .)
  ! reduce/reduce conflict for COLON resolved using rule 90 (rvalue -> identifier .)
  ! reduce/reduce conflict for RPAREN resolved using rule 90 (rvalue -> identifier .)
  ! reduce/reduce conflict for AND resolved using rule 90 (rvalue -> identifier .)
  ! reduce/reduce conflict for OR resolved using rule 90 (rvalue -> identifier .)
    BLOCKEND        reduce using rule 90 (rvalue -> identifier .)
    COLON           reduce using rule 90 (rvalue -> identifier .)
    RPAREN          reduce using rule 90 (rvalue -> identifier .)
    AND             reduce using rule 90 (rvalue -> identifier .)
    OR              reduce using rule 90 (rvalue -> identifier .)

  ! BLOCKEND        [ reduce using rule 98 (range_expression -> identifier .) ]
  ! COLON           [ reduce using rule 98 (range_expression -> identifier .) ]
  ! RPAREN          [ reduce using rule 98 (range_expression -> identifier .) ]
  ! AND             [ reduce using rule 98 (range_expression -> identifier .) ]
  ! OR              [ reduce using rule 98 (range_expression -> identifier .) ]
  ! BLOCKEND        [ reduce using rule 131 (object -> identifier .) ]
  ! COLON           [ reduce using rule 131 (object -> identifier .) ]
  ! RPAREN          [ reduce using rule 131 (object -> identifier .) ]
  ! AND             [ reduce using rule 131 (object -> identifier .) ]
  ! OR              [ reduce using rule 131 (object -> identifier .) ]


state 154

    (95) range_expression -> array .

    BLOCKEND        reduce using rule 95 (range_expression -> array .)
    COLON           reduce using rule 95 (range_expression -> array .)
    RPAREN          reduce using rule 95 (range_expression -> array .)
    AND             reduce using rule 95 (range_expression -> array .)
    OR              reduce using rule 95 (range_expression -> array .)


state 155

    (96) range_expression -> range .

    BLOCKEND        reduce using rule 96 (range_expression -> range .)
    COLON           reduce using rule 96 (range_expression -> range .)
    RPAREN          reduce using rule 96 (range_expression -> range .)
    AND             reduce using rule 96 (range_expression -> range .)
    OR              reduce using rule 96 (range_expression -> range .)


state 156

    (97) range_expression -> angle .

    BLOCKEND        reduce using rule 97 (range_expression -> angle .)
    COLON           reduce using rule 97 (range_expression -> angle .)
    RPAREN          reduce using rule 97 (range_expression -> angle .)
    AND             reduce using rule 97 (range_expression -> angle .)
    OR              reduce using rule 97 (range_expression -> angle .)


state 157

    (133) array -> LBRACE . arglist RBRACE
    (134) arglist -> . arg
    (135) arglist -> . arglist COMMA arg
    (136) arg -> . computed_variable
    (137) arg -> . identifier
    (138) arg -> . number
    (139) arg -> . boolean
    (140) arg -> . constant
    (141) arg -> . EMPTY
    (104) computed_variable -> . intersection_variable
    (105) computed_variable -> . tuple_variable
    (106) computed_variable -> . functional_expression
    (152) identifier -> . IDENTIFIER
    (155) number -> . INTEGER
    (156) number -> . FLOAT
    (153) boolean -> . TRUE
    (154) boolean -> . FALSE
    (148) constant -> . FLOAT
    (149) constant -> . INTEGER
    (150) constant -> . STRING
    (125) intersection_variable -> . intersection DOT identifier
    (129) tuple_variable -> . tuple DOT identifier
    (107) functional_expression -> . function LPAREN arglist RPAREN
    (126) intersection -> . LBRACE valuelist RBRACE
    (130) tuple -> . LPAREN rvalue COMMA rvalue RPAREN
    (108) function -> . MATH_ABS
    (109) function -> . MATH_MIN
    (110) function -> . MATH_MAX
    (111) function -> . MATH_FLOOR
    (112) function -> . MATH_MEAN
    (113) function -> . MATH_STD
    (114) function -> . FN_ADD
    (115) function -> . FN_DEL
    (116) function -> . FN_SET
    (117) function -> . FN_ISSET
    (118) function -> . FN_COUNT
    (119) function -> . FN_FEETS
    (120) function -> . FN_METERS
    (121) function -> . FN_MILES
    (122) function -> . FN_KMPH
    (123) function -> . FN_KNOT
    (124) function -> . FN_NMPHTOKMPH

    EMPTY           shift and go to state 167
    IDENTIFIER      shift and go to state 72
    INTEGER         shift and go to state 119
    FLOAT           shift and go to state 120
    TRUE            shift and go to state 121
    FALSE           shift and go to state 122
    STRING          shift and go to state 105
    LBRACE          shift and go to state 95
    LPAREN          shift and go to state 169
    MATH_ABS        shift and go to state 78
    MATH_MIN        shift and go to state 79
    MATH_MAX        shift and go to state 80
    MATH_FLOOR      shift and go to state 81
    MATH_MEAN       shift and go to state 82
    MATH_STD        shift and go to state 83
    FN_ADD          shift and go to state 84
    FN_DEL          shift and go to state 85
    FN_SET          shift and go to state 86
    FN_ISSET        shift and go to state 87
    FN_COUNT        shift and go to state 88
    FN_FEETS        shift and go to state 89
    FN_METERS       shift and go to state 90
    FN_MILES        shift and go to state 91
    FN_KMPH         shift and go to state 92
    FN_KNOT         shift and go to state 93
    FN_NMPHTOKMPH   shift and go to state 94

    arglist                        shift and go to state 192
    arg                            shift and go to state 179
    computed_variable              shift and go to state 162
    identifier                     shift and go to state 163
    number                         shift and go to state 164
    boolean                        shift and go to state 165
    constant                       shift and go to state 166
    intersection_variable          shift and go to state 73
    tuple_variable                 shift and go to state 74
    functional_expression          shift and go to state 168
    intersection                   shift and go to state 76
    tuple                          shift and go to state 77
    function                       shift and go to state 75

state 158

    (99) range -> RANGE . LPAREN rvalue COMMA rvalue RPAREN

    LPAREN          shift and go to state 193


state 159

    (100) angle -> ANGLE . LPAREN rvalue COMMA rvalue RPAREN

    LPAREN          shift and go to state 194


state 160

    (88) subject_not_in_range -> subject NOT IN . range_expression
    (95) range_expression -> . array
    (96) range_expression -> . range
    (97) range_expression -> . angle
    (98) range_expression -> . identifier
    (133) array -> . LBRACE arglist RBRACE
    (99) range -> . RANGE LPAREN rvalue COMMA rvalue RPAREN
    (100) angle -> . ANGLE LPAREN rvalue COMMA rvalue RPAREN
    (152) identifier -> . IDENTIFIER

    LBRACE          shift and go to state 157
    RANGE           shift and go to state 158
    ANGLE           shift and go to state 159
    IDENTIFIER      shift and go to state 72

    range_expression               shift and go to state 195
    array                          shift and go to state 154
    range                          shift and go to state 155
    angle                          shift and go to state 156
    identifier                     shift and go to state 171

state 161

    (84) subject_has -> subject HAS arg .

    BLOCKEND        reduce using rule 84 (subject_has -> subject HAS arg .)
    COLON           reduce using rule 84 (subject_has -> subject HAS arg .)
    RPAREN          reduce using rule 84 (subject_has -> subject HAS arg .)
    AND             reduce using rule 84 (subject_has -> subject HAS arg .)
    OR              reduce using rule 84 (subject_has -> subject HAS arg .)


state 162

    (136) arg -> computed_variable .

    BLOCKEND        reduce using rule 136 (arg -> computed_variable .)
    COLON           reduce using rule 136 (arg -> computed_variable .)
    RPAREN          reduce using rule 136 (arg -> computed_variable .)
    AND             reduce using rule 136 (arg -> computed_variable .)
    OR              reduce using rule 136 (arg -> computed_variable .)
    COMMA           reduce using rule 136 (arg -> computed_variable .)
    RBRACE          reduce using rule 136 (arg -> computed_variable .)


state 163

    (137) arg -> identifier .

    BLOCKEND        reduce using rule 137 (arg -> identifier .)
    COLON           reduce using rule 137 (arg -> identifier .)
    RPAREN          reduce using rule 137 (arg -> identifier .)
    AND             reduce using rule 137 (arg -> identifier .)
    OR              reduce using rule 137 (arg -> identifier .)
    COMMA           reduce using rule 137 (arg -> identifier .)
    RBRACE          reduce using rule 137 (arg -> identifier .)


state 164

    (138) arg -> number .

    BLOCKEND        reduce using rule 138 (arg -> number .)
    COLON           reduce using rule 138 (arg -> number .)
    RPAREN          reduce using rule 138 (arg -> number .)
    AND             reduce using rule 138 (arg -> number .)
    OR              reduce using rule 138 (arg -> number .)
    COMMA           reduce using rule 138 (arg -> number .)
    RBRACE          reduce using rule 138 (arg -> number .)


state 165

    (139) arg -> boolean .

    BLOCKEND        reduce using rule 139 (arg -> boolean .)
    COLON           reduce using rule 139 (arg -> boolean .)
    RPAREN          reduce using rule 139 (arg -> boolean .)
    AND             reduce using rule 139 (arg -> boolean .)
    OR              reduce using rule 139 (arg -> boolean .)
    COMMA           reduce using rule 139 (arg -> boolean .)
    RBRACE          reduce using rule 139 (arg -> boolean .)


state 166

    (140) arg -> constant .

    BLOCKEND        reduce using rule 140 (arg -> constant .)
    COLON           reduce using rule 140 (arg -> constant .)
    RPAREN          reduce using rule 140 (arg -> constant .)
    AND             reduce using rule 140 (arg -> constant .)
    OR              reduce using rule 140 (arg -> constant .)
    COMMA           reduce using rule 140 (arg -> constant .)
    RBRACE          reduce using rule 140 (arg -> constant .)


state 167

    (141) arg -> EMPTY .

    BLOCKEND        reduce using rule 141 (arg -> EMPTY .)
    COLON           reduce using rule 141 (arg -> EMPTY .)
    RPAREN          reduce using rule 141 (arg -> EMPTY .)
    AND             reduce using rule 141 (arg -> EMPTY .)
    OR              reduce using rule 141 (arg -> EMPTY .)
    COMMA           reduce using rule 141 (arg -> EMPTY .)
    RBRACE          reduce using rule 141 (arg -> EMPTY .)


state 168

    (106) computed_variable -> functional_expression .

    BLOCKEND        reduce using rule 106 (computed_variable -> functional_expression .)
    COLON           reduce using rule 106 (computed_variable -> functional_expression .)
    RPAREN          reduce using rule 106 (computed_variable -> functional_expression .)
    AND             reduce using rule 106 (computed_variable -> functional_expression .)
    OR              reduce using rule 106 (computed_variable -> functional_expression .)
    COMMA           reduce using rule 106 (computed_variable -> functional_expression .)
    RBRACE          reduce using rule 106 (computed_variable -> functional_expression .)


state 169

    (130) tuple -> LPAREN . rvalue COMMA rvalue RPAREN
    (89) rvalue -> . object
    (90) rvalue -> . identifier
    (91) rvalue -> . number
    (92) rvalue -> . boolean
    (93) rvalue -> . constant
    (94) rvalue -> . functional_expression
    (131) object -> . identifier
    (132) object -> . EMPTY
    (152) identifier -> . IDENTIFIER
    (155) number -> . INTEGER
    (156) number -> . FLOAT
    (153) boolean -> . TRUE
    (154) boolean -> . FALSE
    (148) constant -> . FLOAT
    (149) constant -> . INTEGER
    (150) constant -> . STRING
    (107) functional_expression -> . function LPAREN arglist RPAREN
    (108) function -> . MATH_ABS
    (109) function -> . MATH_MIN
    (110) function -> . MATH_MAX
    (111) function -> . MATH_FLOOR
    (112) function -> . MATH_MEAN
    (113) function -> . MATH_STD
    (114) function -> . FN_ADD
    (115) function -> . FN_DEL
    (116) function -> . FN_SET
    (117) function -> . FN_ISSET
    (118) function -> . FN_COUNT
    (119) function -> . FN_FEETS
    (120) function -> . FN_METERS
    (121) function -> . FN_MILES
    (122) function -> . FN_KMPH
    (123) function -> . FN_KNOT
    (124) function -> . FN_NMPHTOKMPH

    EMPTY           shift and go to state 118
    IDENTIFIER      shift and go to state 72
    INTEGER         shift and go to state 119
    FLOAT           shift and go to state 120
    TRUE            shift and go to state 121
    FALSE           shift and go to state 122
    STRING          shift and go to state 105
    MATH_ABS        shift and go to state 78
    MATH_MIN        shift and go to state 79
    MATH_MAX        shift and go to state 80
    MATH_FLOOR      shift and go to state 81
    MATH_MEAN       shift and go to state 82
    MATH_STD        shift and go to state 83
    FN_ADD          shift and go to state 84
    FN_DEL          shift and go to state 85
    FN_SET          shift and go to state 86
    FN_ISSET        shift and go to state 87
    FN_COUNT        shift and go to state 88
    FN_FEETS        shift and go to state 89
    FN_METERS       shift and go to state 90
    FN_MILES        shift and go to state 91
    FN_KMPH         shift and go to state 92
    FN_KNOT         shift and go to state 93
    FN_NMPHTOKMPH   shift and go to state 94

    rvalue                         shift and go to state 111
    object                         shift and go to state 112
    identifier                     shift and go to state 138
    number                         shift and go to state 114
    boolean                        shift and go to state 115
    constant                       shift and go to state 116
    functional_expression          shift and go to state 139
    function                       shift and go to state 75

state 170

    (87) subject_in_range -> subject IN range_expression .

    BLOCKEND        reduce using rule 87 (subject_in_range -> subject IN range_expression .)
    COLON           reduce using rule 87 (subject_in_range -> subject IN range_expression .)
    RPAREN          reduce using rule 87 (subject_in_range -> subject IN range_expression .)
    AND             reduce using rule 87 (subject_in_range -> subject IN range_expression .)
    OR              reduce using rule 87 (subject_in_range -> subject IN range_expression .)


state 171

    (98) range_expression -> identifier .

    BLOCKEND        reduce using rule 98 (range_expression -> identifier .)
    COLON           reduce using rule 98 (range_expression -> identifier .)
    RPAREN          reduce using rule 98 (range_expression -> identifier .)
    AND             reduce using rule 98 (range_expression -> identifier .)
    OR              reduce using rule 98 (range_expression -> identifier .)


state 172

    (76) subject_comparison -> subject LT rvalue .

    BLOCKEND        reduce using rule 76 (subject_comparison -> subject LT rvalue .)
    COLON           reduce using rule 76 (subject_comparison -> subject LT rvalue .)
    RPAREN          reduce using rule 76 (subject_comparison -> subject LT rvalue .)
    AND             reduce using rule 76 (subject_comparison -> subject LT rvalue .)
    OR              reduce using rule 76 (subject_comparison -> subject LT rvalue .)


state 173

    (77) subject_comparison -> subject GT rvalue .

    BLOCKEND        reduce using rule 77 (subject_comparison -> subject GT rvalue .)
    COLON           reduce using rule 77 (subject_comparison -> subject GT rvalue .)
    RPAREN          reduce using rule 77 (subject_comparison -> subject GT rvalue .)
    AND             reduce using rule 77 (subject_comparison -> subject GT rvalue .)
    OR              reduce using rule 77 (subject_comparison -> subject GT rvalue .)


state 174

    (78) subject_comparison -> subject LTE rvalue .

    BLOCKEND        reduce using rule 78 (subject_comparison -> subject LTE rvalue .)
    COLON           reduce using rule 78 (subject_comparison -> subject LTE rvalue .)
    RPAREN          reduce using rule 78 (subject_comparison -> subject LTE rvalue .)
    AND             reduce using rule 78 (subject_comparison -> subject LTE rvalue .)
    OR              reduce using rule 78 (subject_comparison -> subject LTE rvalue .)


state 175

    (79) subject_comparison -> subject GTE rvalue .

    BLOCKEND        reduce using rule 79 (subject_comparison -> subject GTE rvalue .)
    COLON           reduce using rule 79 (subject_comparison -> subject GTE rvalue .)
    RPAREN          reduce using rule 79 (subject_comparison -> subject GTE rvalue .)
    AND             reduce using rule 79 (subject_comparison -> subject GTE rvalue .)
    OR              reduce using rule 79 (subject_comparison -> subject GTE rvalue .)


state 176

    (80) subject_comparison -> subject EQ rvalue .

    BLOCKEND        reduce using rule 80 (subject_comparison -> subject EQ rvalue .)
    COLON           reduce using rule 80 (subject_comparison -> subject EQ rvalue .)
    RPAREN          reduce using rule 80 (subject_comparison -> subject EQ rvalue .)
    AND             reduce using rule 80 (subject_comparison -> subject EQ rvalue .)
    OR              reduce using rule 80 (subject_comparison -> subject EQ rvalue .)


state 177

    (81) subject_comparison -> subject NEQ rvalue .

    BLOCKEND        reduce using rule 81 (subject_comparison -> subject NEQ rvalue .)
    COLON           reduce using rule 81 (subject_comparison -> subject NEQ rvalue .)
    RPAREN          reduce using rule 81 (subject_comparison -> subject NEQ rvalue .)
    AND             reduce using rule 81 (subject_comparison -> subject NEQ rvalue .)
    OR              reduce using rule 81 (subject_comparison -> subject NEQ rvalue .)


state 178

    (107) functional_expression -> function LPAREN arglist . RPAREN
    (135) arglist -> arglist . COMMA arg

    RPAREN          shift and go to state 196
    COMMA           shift and go to state 197


state 179

    (134) arglist -> arg .

    RPAREN          reduce using rule 134 (arglist -> arg .)
    COMMA           reduce using rule 134 (arglist -> arg .)
    RBRACE          reduce using rule 134 (arglist -> arg .)


state 180

    (125) intersection_variable -> intersection DOT identifier .

    IS              reduce using rule 125 (intersection_variable -> intersection DOT identifier .)
    HAS             reduce using rule 125 (intersection_variable -> intersection DOT identifier .)
    IN              reduce using rule 125 (intersection_variable -> intersection DOT identifier .)
    NOT             reduce using rule 125 (intersection_variable -> intersection DOT identifier .)
    LT              reduce using rule 125 (intersection_variable -> intersection DOT identifier .)
    GT              reduce using rule 125 (intersection_variable -> intersection DOT identifier .)
    LTE             reduce using rule 125 (intersection_variable -> intersection DOT identifier .)
    GTE             reduce using rule 125 (intersection_variable -> intersection DOT identifier .)
    EQ              reduce using rule 125 (intersection_variable -> intersection DOT identifier .)
    NEQ             reduce using rule 125 (intersection_variable -> intersection DOT identifier .)
    BLOCKEND        reduce using rule 125 (intersection_variable -> intersection DOT identifier .)
    COLON           reduce using rule 125 (intersection_variable -> intersection DOT identifier .)
    RPAREN          reduce using rule 125 (intersection_variable -> intersection DOT identifier .)
    AND             reduce using rule 125 (intersection_variable -> intersection DOT identifier .)
    OR              reduce using rule 125 (intersection_variable -> intersection DOT identifier .)
    COMMA           reduce using rule 125 (intersection_variable -> intersection DOT identifier .)
    RBRACE          reduce using rule 125 (intersection_variable -> intersection DOT identifier .)


state 181

    (129) tuple_variable -> tuple DOT identifier .

    IS              reduce using rule 129 (tuple_variable -> tuple DOT identifier .)
    HAS             reduce using rule 129 (tuple_variable -> tuple DOT identifier .)
    IN              reduce using rule 129 (tuple_variable -> tuple DOT identifier .)
    NOT             reduce using rule 129 (tuple_variable -> tuple DOT identifier .)
    LT              reduce using rule 129 (tuple_variable -> tuple DOT identifier .)
    GT              reduce using rule 129 (tuple_variable -> tuple DOT identifier .)
    LTE             reduce using rule 129 (tuple_variable -> tuple DOT identifier .)
    GTE             reduce using rule 129 (tuple_variable -> tuple DOT identifier .)
    EQ              reduce using rule 129 (tuple_variable -> tuple DOT identifier .)
    NEQ             reduce using rule 129 (tuple_variable -> tuple DOT identifier .)
    BLOCKEND        reduce using rule 129 (tuple_variable -> tuple DOT identifier .)
    COLON           reduce using rule 129 (tuple_variable -> tuple DOT identifier .)
    RPAREN          reduce using rule 129 (tuple_variable -> tuple DOT identifier .)
    AND             reduce using rule 129 (tuple_variable -> tuple DOT identifier .)
    OR              reduce using rule 129 (tuple_variable -> tuple DOT identifier .)
    COMMA           reduce using rule 129 (tuple_variable -> tuple DOT identifier .)
    RBRACE          reduce using rule 129 (tuple_variable -> tuple DOT identifier .)


state 182

    (126) intersection -> LBRACE valuelist RBRACE .

    DOT             reduce using rule 126 (intersection -> LBRACE valuelist RBRACE .)


state 183

    (128) valuelist -> valuelist COMMA . rvalue
    (89) rvalue -> . object
    (90) rvalue -> . identifier
    (91) rvalue -> . number
    (92) rvalue -> . boolean
    (93) rvalue -> . constant
    (94) rvalue -> . functional_expression
    (131) object -> . identifier
    (132) object -> . EMPTY
    (152) identifier -> . IDENTIFIER
    (155) number -> . INTEGER
    (156) number -> . FLOAT
    (153) boolean -> . TRUE
    (154) boolean -> . FALSE
    (148) constant -> . FLOAT
    (149) constant -> . INTEGER
    (150) constant -> . STRING
    (107) functional_expression -> . function LPAREN arglist RPAREN
    (108) function -> . MATH_ABS
    (109) function -> . MATH_MIN
    (110) function -> . MATH_MAX
    (111) function -> . MATH_FLOOR
    (112) function -> . MATH_MEAN
    (113) function -> . MATH_STD
    (114) function -> . FN_ADD
    (115) function -> . FN_DEL
    (116) function -> . FN_SET
    (117) function -> . FN_ISSET
    (118) function -> . FN_COUNT
    (119) function -> . FN_FEETS
    (120) function -> . FN_METERS
    (121) function -> . FN_MILES
    (122) function -> . FN_KMPH
    (123) function -> . FN_KNOT
    (124) function -> . FN_NMPHTOKMPH

    EMPTY           shift and go to state 118
    IDENTIFIER      shift and go to state 72
    INTEGER         shift and go to state 119
    FLOAT           shift and go to state 120
    TRUE            shift and go to state 121
    FALSE           shift and go to state 122
    STRING          shift and go to state 105
    MATH_ABS        shift and go to state 78
    MATH_MIN        shift and go to state 79
    MATH_MAX        shift and go to state 80
    MATH_FLOOR      shift and go to state 81
    MATH_MEAN       shift and go to state 82
    MATH_STD        shift and go to state 83
    FN_ADD          shift and go to state 84
    FN_DEL          shift and go to state 85
    FN_SET          shift and go to state 86
    FN_ISSET        shift and go to state 87
    FN_COUNT        shift and go to state 88
    FN_FEETS        shift and go to state 89
    FN_METERS       shift and go to state 90
    FN_MILES        shift and go to state 91
    FN_KMPH         shift and go to state 92
    FN_KNOT         shift and go to state 93
    FN_NMPHTOKMPH   shift and go to state 94

    rvalue                         shift and go to state 198
    object                         shift and go to state 112
    identifier                     shift and go to state 138
    number                         shift and go to state 114
    boolean                        shift and go to state 115
    constant                       shift and go to state 116
    functional_expression          shift and go to state 139
    function                       shift and go to state 75

state 184

    (19) clause -> clause_keyword LBRACE STRING RBRACE COLON BLOCKSTART clause_statements . BLOCKEND
    (22) clause_statements -> clause_statements . clause_statement
    (23) clause_statement -> . COLON clause_body

    BLOCKEND        shift and go to state 199
    COLON           shift and go to state 141

    clause_statement               shift and go to state 188

state 185

    (23) clause_statement -> COLON clause_body .

    BLOCKEND        reduce using rule 23 (clause_statement -> COLON clause_body .)
    COLON           reduce using rule 23 (clause_statement -> COLON clause_body .)


state 186

    (24) clause_body -> BLOCKSTART . conditions exclusions assurances contradictions BLOCKEND
    (49) conditions -> . CONDITION COLON BLOCKSTART condition_statements BLOCKEND

    CONDITION       shift and go to state 21

    conditions                     shift and go to state 200

state 187

    (57) precedents -> precedent_keyword LBRACE STRING RBRACE COLON BLOCKSTART clause_statements BLOCKEND .

    DEFINE          reduce using rule 57 (precedents -> precedent_keyword LBRACE STRING RBRACE COLON BLOCKSTART clause_statements BLOCKEND .)
    DEFAULT         reduce using rule 57 (precedents -> precedent_keyword LBRACE STRING RBRACE COLON BLOCKSTART clause_statements BLOCKEND .)
    CONDITION       reduce using rule 57 (precedents -> precedent_keyword LBRACE STRING RBRACE COLON BLOCKSTART clause_statements BLOCKEND .)
    PRECEDENT       reduce using rule 57 (precedents -> precedent_keyword LBRACE STRING RBRACE COLON BLOCKSTART clause_statements BLOCKEND .)
    CLAUSE          reduce using rule 57 (precedents -> precedent_keyword LBRACE STRING RBRACE COLON BLOCKSTART clause_statements BLOCKEND .)
    $end            reduce using rule 57 (precedents -> precedent_keyword LBRACE STRING RBRACE COLON BLOCKSTART clause_statements BLOCKEND .)


state 188

    (22) clause_statements -> clause_statements clause_statement .

    BLOCKEND        reduce using rule 22 (clause_statements -> clause_statements clause_statement .)
    COLON           reduce using rule 22 (clause_statements -> clause_statements clause_statement .)


state 189

    (130) tuple -> LPAREN rvalue COMMA rvalue . RPAREN

    RPAREN          shift and go to state 201


state 190

    (83) subject_is_not_object -> subject IS NOT rvalue .

    BLOCKEND        reduce using rule 83 (subject_is_not_object -> subject IS NOT rvalue .)
    COLON           reduce using rule 83 (subject_is_not_object -> subject IS NOT rvalue .)
    RPAREN          reduce using rule 83 (subject_is_not_object -> subject IS NOT rvalue .)
    AND             reduce using rule 83 (subject_is_not_object -> subject IS NOT rvalue .)
    OR              reduce using rule 83 (subject_is_not_object -> subject IS NOT rvalue .)


state 191

    (86) subject_is_range -> subject IS NOT range_expression .

    BLOCKEND        reduce using rule 86 (subject_is_range -> subject IS NOT range_expression .)
    COLON           reduce using rule 86 (subject_is_range -> subject IS NOT range_expression .)
    RPAREN          reduce using rule 86 (subject_is_range -> subject IS NOT range_expression .)
    AND             reduce using rule 86 (subject_is_range -> subject IS NOT range_expression .)
    OR              reduce using rule 86 (subject_is_range -> subject IS NOT range_expression .)


state 192

    (133) array -> LBRACE arglist . RBRACE
    (135) arglist -> arglist . COMMA arg

    RBRACE          shift and go to state 202
    COMMA           shift and go to state 197


state 193

    (99) range -> RANGE LPAREN . rvalue COMMA rvalue RPAREN
    (89) rvalue -> . object
    (90) rvalue -> . identifier
    (91) rvalue -> . number
    (92) rvalue -> . boolean
    (93) rvalue -> . constant
    (94) rvalue -> . functional_expression
    (131) object -> . identifier
    (132) object -> . EMPTY
    (152) identifier -> . IDENTIFIER
    (155) number -> . INTEGER
    (156) number -> . FLOAT
    (153) boolean -> . TRUE
    (154) boolean -> . FALSE
    (148) constant -> . FLOAT
    (149) constant -> . INTEGER
    (150) constant -> . STRING
    (107) functional_expression -> . function LPAREN arglist RPAREN
    (108) function -> . MATH_ABS
    (109) function -> . MATH_MIN
    (110) function -> . MATH_MAX
    (111) function -> . MATH_FLOOR
    (112) function -> . MATH_MEAN
    (113) function -> . MATH_STD
    (114) function -> . FN_ADD
    (115) function -> . FN_DEL
    (116) function -> . FN_SET
    (117) function -> . FN_ISSET
    (118) function -> . FN_COUNT
    (119) function -> . FN_FEETS
    (120) function -> . FN_METERS
    (121) function -> . FN_MILES
    (122) function -> . FN_KMPH
    (123) function -> . FN_KNOT
    (124) function -> . FN_NMPHTOKMPH

    EMPTY           shift and go to state 118
    IDENTIFIER      shift and go to state 72
    INTEGER         shift and go to state 119
    FLOAT           shift and go to state 120
    TRUE            shift and go to state 121
    FALSE           shift and go to state 122
    STRING          shift and go to state 105
    MATH_ABS        shift and go to state 78
    MATH_MIN        shift and go to state 79
    MATH_MAX        shift and go to state 80
    MATH_FLOOR      shift and go to state 81
    MATH_MEAN       shift and go to state 82
    MATH_STD        shift and go to state 83
    FN_ADD          shift and go to state 84
    FN_DEL          shift and go to state 85
    FN_SET          shift and go to state 86
    FN_ISSET        shift and go to state 87
    FN_COUNT        shift and go to state 88
    FN_FEETS        shift and go to state 89
    FN_METERS       shift and go to state 90
    FN_MILES        shift and go to state 91
    FN_KMPH         shift and go to state 92
    FN_KNOT         shift and go to state 93
    FN_NMPHTOKMPH   shift and go to state 94

    rvalue                         shift and go to state 203
    object                         shift and go to state 112
    identifier                     shift and go to state 138
    number                         shift and go to state 114
    boolean                        shift and go to state 115
    constant                       shift and go to state 116
    functional_expression          shift and go to state 139
    function                       shift and go to state 75

state 194

    (100) angle -> ANGLE LPAREN . rvalue COMMA rvalue RPAREN
    (89) rvalue -> . object
    (90) rvalue -> . identifier
    (91) rvalue -> . number
    (92) rvalue -> . boolean
    (93) rvalue -> . constant
    (94) rvalue -> . functional_expression
    (131) object -> . identifier
    (132) object -> . EMPTY
    (152) identifier -> . IDENTIFIER
    (155) number -> . INTEGER
    (156) number -> . FLOAT
    (153) boolean -> . TRUE
    (154) boolean -> . FALSE
    (148) constant -> . FLOAT
    (149) constant -> . INTEGER
    (150) constant -> . STRING
    (107) functional_expression -> . function LPAREN arglist RPAREN
    (108) function -> . MATH_ABS
    (109) function -> . MATH_MIN
    (110) function -> . MATH_MAX
    (111) function -> . MATH_FLOOR
    (112) function -> . MATH_MEAN
    (113) function -> . MATH_STD
    (114) function -> . FN_ADD
    (115) function -> . FN_DEL
    (116) function -> . FN_SET
    (117) function -> . FN_ISSET
    (118) function -> . FN_COUNT
    (119) function -> . FN_FEETS
    (120) function -> . FN_METERS
    (121) function -> . FN_MILES
    (122) function -> . FN_KMPH
    (123) function -> . FN_KNOT
    (124) function -> . FN_NMPHTOKMPH

    EMPTY           shift and go to state 118
    IDENTIFIER      shift and go to state 72
    INTEGER         shift and go to state 119
    FLOAT           shift and go to state 120
    TRUE            shift and go to state 121
    FALSE           shift and go to state 122
    STRING          shift and go to state 105
    MATH_ABS        shift and go to state 78
    MATH_MIN        shift and go to state 79
    MATH_MAX        shift and go to state 80
    MATH_FLOOR      shift and go to state 81
    MATH_MEAN       shift and go to state 82
    MATH_STD        shift and go to state 83
    FN_ADD          shift and go to state 84
    FN_DEL          shift and go to state 85
    FN_SET          shift and go to state 86
    FN_ISSET        shift and go to state 87
    FN_COUNT        shift and go to state 88
    FN_FEETS        shift and go to state 89
    FN_METERS       shift and go to state 90
    FN_MILES        shift and go to state 91
    FN_KMPH         shift and go to state 92
    FN_KNOT         shift and go to state 93
    FN_NMPHTOKMPH   shift and go to state 94

    rvalue                         shift and go to state 204
    object                         shift and go to state 112
    identifier                     shift and go to state 138
    number                         shift and go to state 114
    boolean                        shift and go to state 115
    constant                       shift and go to state 116
    functional_expression          shift and go to state 139
    function                       shift and go to state 75

state 195

    (88) subject_not_in_range -> subject NOT IN range_expression .

    BLOCKEND        reduce using rule 88 (subject_not_in_range -> subject NOT IN range_expression .)
    COLON           reduce using rule 88 (subject_not_in_range -> subject NOT IN range_expression .)
    RPAREN          reduce using rule 88 (subject_not_in_range -> subject NOT IN range_expression .)
    AND             reduce using rule 88 (subject_not_in_range -> subject NOT IN range_expression .)
    OR              reduce using rule 88 (subject_not_in_range -> subject NOT IN range_expression .)


state 196

    (107) functional_expression -> function LPAREN arglist RPAREN .

    IS              reduce using rule 107 (functional_expression -> function LPAREN arglist RPAREN .)
    HAS             reduce using rule 107 (functional_expression -> function LPAREN arglist RPAREN .)
    IN              reduce using rule 107 (functional_expression -> function LPAREN arglist RPAREN .)
    NOT             reduce using rule 107 (functional_expression -> function LPAREN arglist RPAREN .)
    LT              reduce using rule 107 (functional_expression -> function LPAREN arglist RPAREN .)
    GT              reduce using rule 107 (functional_expression -> function LPAREN arglist RPAREN .)
    LTE             reduce using rule 107 (functional_expression -> function LPAREN arglist RPAREN .)
    GTE             reduce using rule 107 (functional_expression -> function LPAREN arglist RPAREN .)
    EQ              reduce using rule 107 (functional_expression -> function LPAREN arglist RPAREN .)
    NEQ             reduce using rule 107 (functional_expression -> function LPAREN arglist RPAREN .)
    COMMA           reduce using rule 107 (functional_expression -> function LPAREN arglist RPAREN .)
    RBRACE          reduce using rule 107 (functional_expression -> function LPAREN arglist RPAREN .)
    BLOCKEND        reduce using rule 107 (functional_expression -> function LPAREN arglist RPAREN .)
    COLON           reduce using rule 107 (functional_expression -> function LPAREN arglist RPAREN .)
    RPAREN          reduce using rule 107 (functional_expression -> function LPAREN arglist RPAREN .)
    AND             reduce using rule 107 (functional_expression -> function LPAREN arglist RPAREN .)
    OR              reduce using rule 107 (functional_expression -> function LPAREN arglist RPAREN .)


state 197

    (135) arglist -> arglist COMMA . arg
    (136) arg -> . computed_variable
    (137) arg -> . identifier
    (138) arg -> . number
    (139) arg -> . boolean
    (140) arg -> . constant
    (141) arg -> . EMPTY
    (104) computed_variable -> . intersection_variable
    (105) computed_variable -> . tuple_variable
    (106) computed_variable -> . functional_expression
    (152) identifier -> . IDENTIFIER
    (155) number -> . INTEGER
    (156) number -> . FLOAT
    (153) boolean -> . TRUE
    (154) boolean -> . FALSE
    (148) constant -> . FLOAT
    (149) constant -> . INTEGER
    (150) constant -> . STRING
    (125) intersection_variable -> . intersection DOT identifier
    (129) tuple_variable -> . tuple DOT identifier
    (107) functional_expression -> . function LPAREN arglist RPAREN
    (126) intersection -> . LBRACE valuelist RBRACE
    (130) tuple -> . LPAREN rvalue COMMA rvalue RPAREN
    (108) function -> . MATH_ABS
    (109) function -> . MATH_MIN
    (110) function -> . MATH_MAX
    (111) function -> . MATH_FLOOR
    (112) function -> . MATH_MEAN
    (113) function -> . MATH_STD
    (114) function -> . FN_ADD
    (115) function -> . FN_DEL
    (116) function -> . FN_SET
    (117) function -> . FN_ISSET
    (118) function -> . FN_COUNT
    (119) function -> . FN_FEETS
    (120) function -> . FN_METERS
    (121) function -> . FN_MILES
    (122) function -> . FN_KMPH
    (123) function -> . FN_KNOT
    (124) function -> . FN_NMPHTOKMPH

    EMPTY           shift and go to state 167
    IDENTIFIER      shift and go to state 72
    INTEGER         shift and go to state 119
    FLOAT           shift and go to state 120
    TRUE            shift and go to state 121
    FALSE           shift and go to state 122
    STRING          shift and go to state 105
    LBRACE          shift and go to state 95
    LPAREN          shift and go to state 169
    MATH_ABS        shift and go to state 78
    MATH_MIN        shift and go to state 79
    MATH_MAX        shift and go to state 80
    MATH_FLOOR      shift and go to state 81
    MATH_MEAN       shift and go to state 82
    MATH_STD        shift and go to state 83
    FN_ADD          shift and go to state 84
    FN_DEL          shift and go to state 85
    FN_SET          shift and go to state 86
    FN_ISSET        shift and go to state 87
    FN_COUNT        shift and go to state 88
    FN_FEETS        shift and go to state 89
    FN_METERS       shift and go to state 90
    FN_MILES        shift and go to state 91
    FN_KMPH         shift and go to state 92
    FN_KNOT         shift and go to state 93
    FN_NMPHTOKMPH   shift and go to state 94

    arg                            shift and go to state 205
    computed_variable              shift and go to state 162
    identifier                     shift and go to state 163
    number                         shift and go to state 164
    boolean                        shift and go to state 165
    constant                       shift and go to state 166
    intersection_variable          shift and go to state 73
    tuple_variable                 shift and go to state 74
    functional_expression          shift and go to state 168
    intersection                   shift and go to state 76
    tuple                          shift and go to state 77
    function                       shift and go to state 75

state 198

    (128) valuelist -> valuelist COMMA rvalue .

    RBRACE          reduce using rule 128 (valuelist -> valuelist COMMA rvalue .)
    COMMA           reduce using rule 128 (valuelist -> valuelist COMMA rvalue .)


state 199

    (19) clause -> clause_keyword LBRACE STRING RBRACE COLON BLOCKSTART clause_statements BLOCKEND .

    CLAUSE          reduce using rule 19 (clause -> clause_keyword LBRACE STRING RBRACE COLON BLOCKSTART clause_statements BLOCKEND .)
    DEFINE          reduce using rule 19 (clause -> clause_keyword LBRACE STRING RBRACE COLON BLOCKSTART clause_statements BLOCKEND .)
    DEFAULT         reduce using rule 19 (clause -> clause_keyword LBRACE STRING RBRACE COLON BLOCKSTART clause_statements BLOCKEND .)
    CONDITION       reduce using rule 19 (clause -> clause_keyword LBRACE STRING RBRACE COLON BLOCKSTART clause_statements BLOCKEND .)
    PRECEDENT       reduce using rule 19 (clause -> clause_keyword LBRACE STRING RBRACE COLON BLOCKSTART clause_statements BLOCKEND .)
    $end            reduce using rule 19 (clause -> clause_keyword LBRACE STRING RBRACE COLON BLOCKSTART clause_statements BLOCKEND .)


state 200

    (24) clause_body -> BLOCKSTART conditions . exclusions assurances contradictions BLOCKEND
    (50) exclusions -> . null_clause
    (51) exclusions -> . exclusion_clause
    (52) null_clause -> .
    (53) exclusion_clause -> . EXCLUDE COLON BLOCKSTART condition_statements BLOCKEND

    ASSURE          reduce using rule 52 (null_clause -> .)
    OTHERWISE       reduce using rule 52 (null_clause -> .)
    BLOCKEND        reduce using rule 52 (null_clause -> .)
    EXCLUDE         shift and go to state 209

    exclusions                     shift and go to state 206
    null_clause                    shift and go to state 207
    exclusion_clause               shift and go to state 208

state 201

    (130) tuple -> LPAREN rvalue COMMA rvalue RPAREN .

    DOT             reduce using rule 130 (tuple -> LPAREN rvalue COMMA rvalue RPAREN .)


state 202

    (133) array -> LBRACE arglist RBRACE .

    BLOCKEND        reduce using rule 133 (array -> LBRACE arglist RBRACE .)
    COLON           reduce using rule 133 (array -> LBRACE arglist RBRACE .)
    RPAREN          reduce using rule 133 (array -> LBRACE arglist RBRACE .)
    AND             reduce using rule 133 (array -> LBRACE arglist RBRACE .)
    OR              reduce using rule 133 (array -> LBRACE arglist RBRACE .)


state 203

    (99) range -> RANGE LPAREN rvalue . COMMA rvalue RPAREN

    COMMA           shift and go to state 210


state 204

    (100) angle -> ANGLE LPAREN rvalue . COMMA rvalue RPAREN

    COMMA           shift and go to state 211


state 205

    (135) arglist -> arglist COMMA arg .

    RPAREN          reduce using rule 135 (arglist -> arglist COMMA arg .)
    COMMA           reduce using rule 135 (arglist -> arglist COMMA arg .)
    RBRACE          reduce using rule 135 (arglist -> arglist COMMA arg .)


state 206

    (24) clause_body -> BLOCKSTART conditions exclusions . assurances contradictions BLOCKEND
    (25) assurances -> .
    (26) assurances -> . ASSURE COLON BLOCKSTART assurance_statements BLOCKEND

    OTHERWISE       reduce using rule 25 (assurances -> .)
    BLOCKEND        reduce using rule 25 (assurances -> .)
    ASSURE          shift and go to state 213

    assurances                     shift and go to state 212

state 207

    (50) exclusions -> null_clause .

    ASSURE          reduce using rule 50 (exclusions -> null_clause .)
    OTHERWISE       reduce using rule 50 (exclusions -> null_clause .)
    BLOCKEND        reduce using rule 50 (exclusions -> null_clause .)


state 208

    (51) exclusions -> exclusion_clause .

    ASSURE          reduce using rule 51 (exclusions -> exclusion_clause .)
    OTHERWISE       reduce using rule 51 (exclusions -> exclusion_clause .)
    BLOCKEND        reduce using rule 51 (exclusions -> exclusion_clause .)


state 209

    (53) exclusion_clause -> EXCLUDE . COLON BLOCKSTART condition_statements BLOCKEND

    COLON           shift and go to state 214


state 210

    (99) range -> RANGE LPAREN rvalue COMMA . rvalue RPAREN
    (89) rvalue -> . object
    (90) rvalue -> . identifier
    (91) rvalue -> . number
    (92) rvalue -> . boolean
    (93) rvalue -> . constant
    (94) rvalue -> . functional_expression
    (131) object -> . identifier
    (132) object -> . EMPTY
    (152) identifier -> . IDENTIFIER
    (155) number -> . INTEGER
    (156) number -> . FLOAT
    (153) boolean -> . TRUE
    (154) boolean -> . FALSE
    (148) constant -> . FLOAT
    (149) constant -> . INTEGER
    (150) constant -> . STRING
    (107) functional_expression -> . function LPAREN arglist RPAREN
    (108) function -> . MATH_ABS
    (109) function -> . MATH_MIN
    (110) function -> . MATH_MAX
    (111) function -> . MATH_FLOOR
    (112) function -> . MATH_MEAN
    (113) function -> . MATH_STD
    (114) function -> . FN_ADD
    (115) function -> . FN_DEL
    (116) function -> . FN_SET
    (117) function -> . FN_ISSET
    (118) function -> . FN_COUNT
    (119) function -> . FN_FEETS
    (120) function -> . FN_METERS
    (121) function -> . FN_MILES
    (122) function -> . FN_KMPH
    (123) function -> . FN_KNOT
    (124) function -> . FN_NMPHTOKMPH

    EMPTY           shift and go to state 118
    IDENTIFIER      shift and go to state 72
    INTEGER         shift and go to state 119
    FLOAT           shift and go to state 120
    TRUE            shift and go to state 121
    FALSE           shift and go to state 122
    STRING          shift and go to state 105
    MATH_ABS        shift and go to state 78
    MATH_MIN        shift and go to state 79
    MATH_MAX        shift and go to state 80
    MATH_FLOOR      shift and go to state 81
    MATH_MEAN       shift and go to state 82
    MATH_STD        shift and go to state 83
    FN_ADD          shift and go to state 84
    FN_DEL          shift and go to state 85
    FN_SET          shift and go to state 86
    FN_ISSET        shift and go to state 87
    FN_COUNT        shift and go to state 88
    FN_FEETS        shift and go to state 89
    FN_METERS       shift and go to state 90
    FN_MILES        shift and go to state 91
    FN_KMPH         shift and go to state 92
    FN_KNOT         shift and go to state 93
    FN_NMPHTOKMPH   shift and go to state 94

    rvalue                         shift and go to state 215
    object                         shift and go to state 112
    identifier                     shift and go to state 138
    number                         shift and go to state 114
    boolean                        shift and go to state 115
    constant                       shift and go to state 116
    functional_expression          shift and go to state 139
    function                       shift and go to state 75

state 211

    (100) angle -> ANGLE LPAREN rvalue COMMA . rvalue RPAREN
    (89) rvalue -> . object
    (90) rvalue -> . identifier
    (91) rvalue -> . number
    (92) rvalue -> . boolean
    (93) rvalue -> . constant
    (94) rvalue -> . functional_expression
    (131) object -> . identifier
    (132) object -> . EMPTY
    (152) identifier -> . IDENTIFIER
    (155) number -> . INTEGER
    (156) number -> . FLOAT
    (153) boolean -> . TRUE
    (154) boolean -> . FALSE
    (148) constant -> . FLOAT
    (149) constant -> . INTEGER
    (150) constant -> . STRING
    (107) functional_expression -> . function LPAREN arglist RPAREN
    (108) function -> . MATH_ABS
    (109) function -> . MATH_MIN
    (110) function -> . MATH_MAX
    (111) function -> . MATH_FLOOR
    (112) function -> . MATH_MEAN
    (113) function -> . MATH_STD
    (114) function -> . FN_ADD
    (115) function -> . FN_DEL
    (116) function -> . FN_SET
    (117) function -> . FN_ISSET
    (118) function -> . FN_COUNT
    (119) function -> . FN_FEETS
    (120) function -> . FN_METERS
    (121) function -> . FN_MILES
    (122) function -> . FN_KMPH
    (123) function -> . FN_KNOT
    (124) function -> . FN_NMPHTOKMPH

    EMPTY           shift and go to state 118
    IDENTIFIER      shift and go to state 72
    INTEGER         shift and go to state 119
    FLOAT           shift and go to state 120
    TRUE            shift and go to state 121
    FALSE           shift and go to state 122
    STRING          shift and go to state 105
    MATH_ABS        shift and go to state 78
    MATH_MIN        shift and go to state 79
    MATH_MAX        shift and go to state 80
    MATH_FLOOR      shift and go to state 81
    MATH_MEAN       shift and go to state 82
    MATH_STD        shift and go to state 83
    FN_ADD          shift and go to state 84
    FN_DEL          shift and go to state 85
    FN_SET          shift and go to state 86
    FN_ISSET        shift and go to state 87
    FN_COUNT        shift and go to state 88
    FN_FEETS        shift and go to state 89
    FN_METERS       shift and go to state 90
    FN_MILES        shift and go to state 91
    FN_KMPH         shift and go to state 92
    FN_KNOT         shift and go to state 93
    FN_NMPHTOKMPH   shift and go to state 94

    rvalue                         shift and go to state 216
    object                         shift and go to state 112
    identifier                     shift and go to state 138
    number                         shift and go to state 114
    boolean                        shift and go to state 115
    constant                       shift and go to state 116
    functional_expression          shift and go to state 139
    function                       shift and go to state 75

state 212

    (24) clause_body -> BLOCKSTART conditions exclusions assurances . contradictions BLOCKEND
    (37) contradictions -> .
    (38) contradictions -> . OTHERWISE COLON BLOCKSTART assurance_statements BLOCKEND

    BLOCKEND        reduce using rule 37 (contradictions -> .)
    OTHERWISE       shift and go to state 218

    contradictions                 shift and go to state 217

state 213

    (26) assurances -> ASSURE . COLON BLOCKSTART assurance_statements BLOCKEND

    COLON           shift and go to state 219


state 214

    (53) exclusion_clause -> EXCLUDE COLON . BLOCKSTART condition_statements BLOCKEND

    BLOCKSTART      shift and go to state 220


state 215

    (99) range -> RANGE LPAREN rvalue COMMA rvalue . RPAREN

    RPAREN          shift and go to state 221


state 216

    (100) angle -> ANGLE LPAREN rvalue COMMA rvalue . RPAREN

    RPAREN          shift and go to state 222


state 217

    (24) clause_body -> BLOCKSTART conditions exclusions assurances contradictions . BLOCKEND

    BLOCKEND        shift and go to state 223


state 218

    (38) contradictions -> OTHERWISE . COLON BLOCKSTART assurance_statements BLOCKEND

    COLON           shift and go to state 224


state 219

    (26) assurances -> ASSURE COLON . BLOCKSTART assurance_statements BLOCKEND

    BLOCKSTART      shift and go to state 225


state 220

    (53) exclusion_clause -> EXCLUDE COLON BLOCKSTART . condition_statements BLOCKEND
    (54) condition_statements -> . condition
    (55) condition_statements -> . condition_statements condition
    (56) condition -> . COLON expression

    COLON           shift and go to state 46

    condition_statements           shift and go to state 226
    condition                      shift and go to state 48

state 221

    (99) range -> RANGE LPAREN rvalue COMMA rvalue RPAREN .

    BLOCKEND        reduce using rule 99 (range -> RANGE LPAREN rvalue COMMA rvalue RPAREN .)
    COLON           reduce using rule 99 (range -> RANGE LPAREN rvalue COMMA rvalue RPAREN .)
    RPAREN          reduce using rule 99 (range -> RANGE LPAREN rvalue COMMA rvalue RPAREN .)
    AND             reduce using rule 99 (range -> RANGE LPAREN rvalue COMMA rvalue RPAREN .)
    OR              reduce using rule 99 (range -> RANGE LPAREN rvalue COMMA rvalue RPAREN .)


state 222

    (100) angle -> ANGLE LPAREN rvalue COMMA rvalue RPAREN .

    BLOCKEND        reduce using rule 100 (angle -> ANGLE LPAREN rvalue COMMA rvalue RPAREN .)
    COLON           reduce using rule 100 (angle -> ANGLE LPAREN rvalue COMMA rvalue RPAREN .)
    RPAREN          reduce using rule 100 (angle -> ANGLE LPAREN rvalue COMMA rvalue RPAREN .)
    AND             reduce using rule 100 (angle -> ANGLE LPAREN rvalue COMMA rvalue RPAREN .)
    OR              reduce using rule 100 (angle -> ANGLE LPAREN rvalue COMMA rvalue RPAREN .)


state 223

    (24) clause_body -> BLOCKSTART conditions exclusions assurances contradictions BLOCKEND .

    BLOCKEND        reduce using rule 24 (clause_body -> BLOCKSTART conditions exclusions assurances contradictions BLOCKEND .)
    COLON           reduce using rule 24 (clause_body -> BLOCKSTART conditions exclusions assurances contradictions BLOCKEND .)


state 224

    (38) contradictions -> OTHERWISE COLON . BLOCKSTART assurance_statements BLOCKEND

    BLOCKSTART      shift and go to state 227


state 225

    (26) assurances -> ASSURE COLON BLOCKSTART . assurance_statements BLOCKEND
    (27) assurance_statements -> . assurance_statement
    (28) assurance_statements -> . assurance_statements assurance_statement
    (29) assurance_statement -> . COLON action_commands
    (30) assurance_statement -> . COLON assurance_expressions
    (31) assurance_statement -> . COLON assurance_call
    (32) assurance_statement -> . COLON apply_clause
    (33) assurance_statement -> . COLON assurance_sub_clause

    COLON           shift and go to state 228

    assurance_statements           shift and go to state 229
    assurance_statement            shift and go to state 230

state 226

    (53) exclusion_clause -> EXCLUDE COLON BLOCKSTART condition_statements . BLOCKEND
    (55) condition_statements -> condition_statements . condition
    (56) condition -> . COLON expression

    BLOCKEND        shift and go to state 231
    COLON           shift and go to state 46

    condition                      shift and go to state 97

state 227

    (38) contradictions -> OTHERWISE COLON BLOCKSTART . assurance_statements BLOCKEND
    (27) assurance_statements -> . assurance_statement
    (28) assurance_statements -> . assurance_statements assurance_statement
    (29) assurance_statement -> . COLON action_commands
    (30) assurance_statement -> . COLON assurance_expressions
    (31) assurance_statement -> . COLON assurance_call
    (32) assurance_statement -> . COLON apply_clause
    (33) assurance_statement -> . COLON assurance_sub_clause

    COLON           shift and go to state 228

    assurance_statements           shift and go to state 232
    assurance_statement            shift and go to state 230

state 228

    (29) assurance_statement -> COLON . action_commands
    (30) assurance_statement -> COLON . assurance_expressions
    (31) assurance_statement -> COLON . assurance_call
    (32) assurance_statement -> COLON . apply_clause
    (33) assurance_statement -> COLON . assurance_sub_clause
    (44) action_commands -> . FAIL
    (45) action_commands -> . ABORT
    (46) action_commands -> . CLEAR
    (47) action_commands -> . CONTINUE
    (35) assurance_expressions -> . compound_action
    (36) assurance_call -> . functional_expression
    (48) apply_clause -> . APPLY STRING
    (34) assurance_sub_clause -> . clause_body
    (39) compound_action -> . action_expression
    (40) compound_action -> . compound_action AND action_expression
    (41) compound_action -> . compound_action OR action_expression
    (107) functional_expression -> . function LPAREN arglist RPAREN
    (24) clause_body -> . BLOCKSTART conditions exclusions assurances contradictions BLOCKEND
    (42) action_expression -> . expression
    (43) action_expression -> . functional_expression
    (108) function -> . MATH_ABS
    (109) function -> . MATH_MIN
    (110) function -> . MATH_MAX
    (111) function -> . MATH_FLOOR
    (112) function -> . MATH_MEAN
    (113) function -> . MATH_STD
    (114) function -> . FN_ADD
    (115) function -> . FN_DEL
    (116) function -> . FN_SET
    (117) function -> . FN_ISSET
    (118) function -> . FN_COUNT
    (119) function -> . FN_FEETS
    (120) function -> . FN_METERS
    (121) function -> . FN_MILES
    (122) function -> . FN_KMPH
    (123) function -> . FN_KNOT
    (124) function -> . FN_NMPHTOKMPH
    (61) expression -> . simple_expression
    (62) expression -> . compound_expression
    (63) simple_expression -> . expression_statement
    (64) compound_expression -> . scoped_expression
    (65) compound_expression -> . compound_expression AND scoped_expression
    (66) compound_expression -> . compound_expression OR scoped_expression
    (69) expression_statement -> . subject_is_object
    (70) expression_statement -> . subject_is_not_object
    (71) expression_statement -> . subject_has
    (72) expression_statement -> . subject_is_range
    (73) expression_statement -> . subject_in_range
    (74) expression_statement -> . subject_not_in_range
    (75) expression_statement -> . subject_comparison
    (67) scoped_expression -> . LPAREN expression_statement RPAREN
    (68) scoped_expression -> . LPAREN compound_expression RPAREN
    (82) subject_is_object -> . subject IS rvalue
    (83) subject_is_not_object -> . subject IS NOT rvalue
    (84) subject_has -> . subject HAS arg
    (85) subject_is_range -> . subject IS range_expression
    (86) subject_is_range -> . subject IS NOT range_expression
    (87) subject_in_range -> . subject IN range_expression
    (88) subject_not_in_range -> . subject NOT IN range_expression
    (76) subject_comparison -> . subject LT rvalue
    (77) subject_comparison -> . subject GT rvalue
    (78) subject_comparison -> . subject LTE rvalue
    (79) subject_comparison -> . subject GTE rvalue
    (80) subject_comparison -> . subject EQ rvalue
    (81) subject_comparison -> . subject NEQ rvalue
    (101) subject -> . identifier
    (102) subject -> . computed_variable
    (103) subject -> . functional_expression
    (152) identifier -> . IDENTIFIER
    (104) computed_variable -> . intersection_variable
    (105) computed_variable -> . tuple_variable
    (106) computed_variable -> . functional_expression
    (125) intersection_variable -> . intersection DOT identifier
    (129) tuple_variable -> . tuple DOT identifier
    (126) intersection -> . LBRACE valuelist RBRACE
    (130) tuple -> . LPAREN rvalue COMMA rvalue RPAREN

    FAIL            shift and go to state 238
    ABORT           shift and go to state 239
    CLEAR           shift and go to state 240
    CONTINUE        shift and go to state 241
    APPLY           shift and go to state 244
    BLOCKSTART      shift and go to state 186
    MATH_ABS        shift and go to state 78
    MATH_MIN        shift and go to state 79
    MATH_MAX        shift and go to state 80
    MATH_FLOOR      shift and go to state 81
    MATH_MEAN       shift and go to state 82
    MATH_STD        shift and go to state 83
    FN_ADD          shift and go to state 84
    FN_DEL          shift and go to state 85
    FN_SET          shift and go to state 86
    FN_ISSET        shift and go to state 87
    FN_COUNT        shift and go to state 88
    FN_FEETS        shift and go to state 89
    FN_METERS       shift and go to state 90
    FN_MILES        shift and go to state 91
    FN_KMPH         shift and go to state 92
    FN_KNOT         shift and go to state 93
    FN_NMPHTOKMPH   shift and go to state 94
    LPAREN          shift and go to state 67
    IDENTIFIER      shift and go to state 72
    LBRACE          shift and go to state 95

    action_commands                shift and go to state 233
    assurance_expressions          shift and go to state 234
    assurance_call                 shift and go to state 235
    apply_clause                   shift and go to state 236
    assurance_sub_clause           shift and go to state 237
    compound_action                shift and go to state 242
    functional_expression          shift and go to state 243
    clause_body                    shift and go to state 245
    action_expression              shift and go to state 246
    function                       shift and go to state 75
    expression                     shift and go to state 247
    simple_expression              shift and go to state 56
    compound_expression            shift and go to state 57
    expression_statement           shift and go to state 58
    scoped_expression              shift and go to state 59
    subject_is_object              shift and go to state 60
    subject_is_not_object          shift and go to state 61
    subject_has                    shift and go to state 62
    subject_is_range               shift and go to state 63
    subject_in_range               shift and go to state 64
    subject_not_in_range           shift and go to state 65
    subject_comparison             shift and go to state 66
    subject                        shift and go to state 68
    identifier                     shift and go to state 69
    computed_variable              shift and go to state 70
    intersection_variable          shift and go to state 73
    tuple_variable                 shift and go to state 74
    intersection                   shift and go to state 76
    tuple                          shift and go to state 77

state 229

    (26) assurances -> ASSURE COLON BLOCKSTART assurance_statements . BLOCKEND
    (28) assurance_statements -> assurance_statements . assurance_statement
    (29) assurance_statement -> . COLON action_commands
    (30) assurance_statement -> . COLON assurance_expressions
    (31) assurance_statement -> . COLON assurance_call
    (32) assurance_statement -> . COLON apply_clause
    (33) assurance_statement -> . COLON assurance_sub_clause

    BLOCKEND        shift and go to state 248
    COLON           shift and go to state 228

    assurance_statement            shift and go to state 249

state 230

    (27) assurance_statements -> assurance_statement .

    BLOCKEND        reduce using rule 27 (assurance_statements -> assurance_statement .)
    COLON           reduce using rule 27 (assurance_statements -> assurance_statement .)


state 231

    (53) exclusion_clause -> EXCLUDE COLON BLOCKSTART condition_statements BLOCKEND .

    ASSURE          reduce using rule 53 (exclusion_clause -> EXCLUDE COLON BLOCKSTART condition_statements BLOCKEND .)
    OTHERWISE       reduce using rule 53 (exclusion_clause -> EXCLUDE COLON BLOCKSTART condition_statements BLOCKEND .)
    BLOCKEND        reduce using rule 53 (exclusion_clause -> EXCLUDE COLON BLOCKSTART condition_statements BLOCKEND .)


state 232

    (38) contradictions -> OTHERWISE COLON BLOCKSTART assurance_statements . BLOCKEND
    (28) assurance_statements -> assurance_statements . assurance_statement
    (29) assurance_statement -> . COLON action_commands
    (30) assurance_statement -> . COLON assurance_expressions
    (31) assurance_statement -> . COLON assurance_call
    (32) assurance_statement -> . COLON apply_clause
    (33) assurance_statement -> . COLON assurance_sub_clause

    BLOCKEND        shift and go to state 250
    COLON           shift and go to state 228

    assurance_statement            shift and go to state 249

state 233

    (29) assurance_statement -> COLON action_commands .

    BLOCKEND        reduce using rule 29 (assurance_statement -> COLON action_commands .)
    COLON           reduce using rule 29 (assurance_statement -> COLON action_commands .)


state 234

    (30) assurance_statement -> COLON assurance_expressions .

    BLOCKEND        reduce using rule 30 (assurance_statement -> COLON assurance_expressions .)
    COLON           reduce using rule 30 (assurance_statement -> COLON assurance_expressions .)


state 235

    (31) assurance_statement -> COLON assurance_call .

    BLOCKEND        reduce using rule 31 (assurance_statement -> COLON assurance_call .)
    COLON           reduce using rule 31 (assurance_statement -> COLON assurance_call .)


state 236

    (32) assurance_statement -> COLON apply_clause .

    BLOCKEND        reduce using rule 32 (assurance_statement -> COLON apply_clause .)
    COLON           reduce using rule 32 (assurance_statement -> COLON apply_clause .)


state 237

    (33) assurance_statement -> COLON assurance_sub_clause .

    BLOCKEND        reduce using rule 33 (assurance_statement -> COLON assurance_sub_clause .)
    COLON           reduce using rule 33 (assurance_statement -> COLON assurance_sub_clause .)


state 238

    (44) action_commands -> FAIL .

    BLOCKEND        reduce using rule 44 (action_commands -> FAIL .)
    COLON           reduce using rule 44 (action_commands -> FAIL .)


state 239

    (45) action_commands -> ABORT .

    BLOCKEND        reduce using rule 45 (action_commands -> ABORT .)
    COLON           reduce using rule 45 (action_commands -> ABORT .)


state 240

    (46) action_commands -> CLEAR .

    BLOCKEND        reduce using rule 46 (action_commands -> CLEAR .)
    COLON           reduce using rule 46 (action_commands -> CLEAR .)


state 241

    (47) action_commands -> CONTINUE .

    BLOCKEND        reduce using rule 47 (action_commands -> CONTINUE .)
    COLON           reduce using rule 47 (action_commands -> CONTINUE .)


state 242

    (35) assurance_expressions -> compound_action .
    (40) compound_action -> compound_action . AND action_expression
    (41) compound_action -> compound_action . OR action_expression

    BLOCKEND        reduce using rule 35 (assurance_expressions -> compound_action .)
    COLON           reduce using rule 35 (assurance_expressions -> compound_action .)
    AND             shift and go to state 251
    OR              shift and go to state 252


state 243

    (36) assurance_call -> functional_expression .
    (43) action_expression -> functional_expression .
    (103) subject -> functional_expression .
    (106) computed_variable -> functional_expression .

  ! reduce/reduce conflict for BLOCKEND resolved using rule 36 (assurance_call -> functional_expression .)
  ! reduce/reduce conflict for COLON resolved using rule 36 (assurance_call -> functional_expression .)
  ! reduce/reduce conflict for IS resolved using rule 103 (subject -> functional_expression .)
  ! reduce/reduce conflict for HAS resolved using rule 103 (subject -> functional_expression .)
  ! reduce/reduce conflict for IN resolved using rule 103 (subject -> functional_expression .)
  ! reduce/reduce conflict for NOT resolved using rule 103 (subject -> functional_expression .)
  ! reduce/reduce conflict for LT resolved using rule 103 (subject -> functional_expression .)
  ! reduce/reduce conflict for GT resolved using rule 103 (subject -> functional_expression .)
  ! reduce/reduce conflict for LTE resolved using rule 103 (subject -> functional_expression .)
  ! reduce/reduce conflict for GTE resolved using rule 103 (subject -> functional_expression .)
  ! reduce/reduce conflict for EQ resolved using rule 103 (subject -> functional_expression .)
  ! reduce/reduce conflict for NEQ resolved using rule 103 (subject -> functional_expression .)
    BLOCKEND        reduce using rule 36 (assurance_call -> functional_expression .)
    COLON           reduce using rule 36 (assurance_call -> functional_expression .)
    AND             reduce using rule 43 (action_expression -> functional_expression .)
    OR              reduce using rule 43 (action_expression -> functional_expression .)
    IS              reduce using rule 103 (subject -> functional_expression .)
    HAS             reduce using rule 103 (subject -> functional_expression .)
    IN              reduce using rule 103 (subject -> functional_expression .)
    NOT             reduce using rule 103 (subject -> functional_expression .)
    LT              reduce using rule 103 (subject -> functional_expression .)
    GT              reduce using rule 103 (subject -> functional_expression .)
    LTE             reduce using rule 103 (subject -> functional_expression .)
    GTE             reduce using rule 103 (subject -> functional_expression .)
    EQ              reduce using rule 103 (subject -> functional_expression .)
    NEQ             reduce using rule 103 (subject -> functional_expression .)

  ! BLOCKEND        [ reduce using rule 43 (action_expression -> functional_expression .) ]
  ! COLON           [ reduce using rule 43 (action_expression -> functional_expression .) ]
  ! IS              [ reduce using rule 106 (computed_variable -> functional_expression .) ]
  ! HAS             [ reduce using rule 106 (computed_variable -> functional_expression .) ]
  ! IN              [ reduce using rule 106 (computed_variable -> functional_expression .) ]
  ! NOT             [ reduce using rule 106 (computed_variable -> functional_expression .) ]
  ! LT              [ reduce using rule 106 (computed_variable -> functional_expression .) ]
  ! GT              [ reduce using rule 106 (computed_variable -> functional_expression .) ]
  ! LTE             [ reduce using rule 106 (computed_variable -> functional_expression .) ]
  ! GTE             [ reduce using rule 106 (computed_variable -> functional_expression .) ]
  ! EQ              [ reduce using rule 106 (computed_variable -> functional_expression .) ]
  ! NEQ             [ reduce using rule 106 (computed_variable -> functional_expression .) ]


state 244

    (48) apply_clause -> APPLY . STRING

    STRING          shift and go to state 253


state 245

    (34) assurance_sub_clause -> clause_body .

    BLOCKEND        reduce using rule 34 (assurance_sub_clause -> clause_body .)
    COLON           reduce using rule 34 (assurance_sub_clause -> clause_body .)


state 246

    (39) compound_action -> action_expression .

    AND             reduce using rule 39 (compound_action -> action_expression .)
    OR              reduce using rule 39 (compound_action -> action_expression .)
    BLOCKEND        reduce using rule 39 (compound_action -> action_expression .)
    COLON           reduce using rule 39 (compound_action -> action_expression .)


state 247

    (42) action_expression -> expression .

    AND             reduce using rule 42 (action_expression -> expression .)
    OR              reduce using rule 42 (action_expression -> expression .)
    BLOCKEND        reduce using rule 42 (action_expression -> expression .)
    COLON           reduce using rule 42 (action_expression -> expression .)


state 248

    (26) assurances -> ASSURE COLON BLOCKSTART assurance_statements BLOCKEND .

    OTHERWISE       reduce using rule 26 (assurances -> ASSURE COLON BLOCKSTART assurance_statements BLOCKEND .)
    BLOCKEND        reduce using rule 26 (assurances -> ASSURE COLON BLOCKSTART assurance_statements BLOCKEND .)


state 249

    (28) assurance_statements -> assurance_statements assurance_statement .

    BLOCKEND        reduce using rule 28 (assurance_statements -> assurance_statements assurance_statement .)
    COLON           reduce using rule 28 (assurance_statements -> assurance_statements assurance_statement .)


state 250

    (38) contradictions -> OTHERWISE COLON BLOCKSTART assurance_statements BLOCKEND .

    BLOCKEND        reduce using rule 38 (contradictions -> OTHERWISE COLON BLOCKSTART assurance_statements BLOCKEND .)


state 251

    (40) compound_action -> compound_action AND . action_expression
    (42) action_expression -> . expression
    (43) action_expression -> . functional_expression
    (61) expression -> . simple_expression
    (62) expression -> . compound_expression
    (107) functional_expression -> . function LPAREN arglist RPAREN
    (63) simple_expression -> . expression_statement
    (64) compound_expression -> . scoped_expression
    (65) compound_expression -> . compound_expression AND scoped_expression
    (66) compound_expression -> . compound_expression OR scoped_expression
    (108) function -> . MATH_ABS
    (109) function -> . MATH_MIN
    (110) function -> . MATH_MAX
    (111) function -> . MATH_FLOOR
    (112) function -> . MATH_MEAN
    (113) function -> . MATH_STD
    (114) function -> . FN_ADD
    (115) function -> . FN_DEL
    (116) function -> . FN_SET
    (117) function -> . FN_ISSET
    (118) function -> . FN_COUNT
    (119) function -> . FN_FEETS
    (120) function -> . FN_METERS
    (121) function -> . FN_MILES
    (122) function -> . FN_KMPH
    (123) function -> . FN_KNOT
    (124) function -> . FN_NMPHTOKMPH
    (69) expression_statement -> . subject_is_object
    (70) expression_statement -> . subject_is_not_object
    (71) expression_statement -> . subject_has
    (72) expression_statement -> . subject_is_range
    (73) expression_statement -> . subject_in_range
    (74) expression_statement -> . subject_not_in_range
    (75) expression_statement -> . subject_comparison
    (67) scoped_expression -> . LPAREN expression_statement RPAREN
    (68) scoped_expression -> . LPAREN compound_expression RPAREN
    (82) subject_is_object -> . subject IS rvalue
    (83) subject_is_not_object -> . subject IS NOT rvalue
    (84) subject_has -> . subject HAS arg
    (85) subject_is_range -> . subject IS range_expression
    (86) subject_is_range -> . subject IS NOT range_expression
    (87) subject_in_range -> . subject IN range_expression
    (88) subject_not_in_range -> . subject NOT IN range_expression
    (76) subject_comparison -> . subject LT rvalue
    (77) subject_comparison -> . subject GT rvalue
    (78) subject_comparison -> . subject LTE rvalue
    (79) subject_comparison -> . subject GTE rvalue
    (80) subject_comparison -> . subject EQ rvalue
    (81) subject_comparison -> . subject NEQ rvalue
    (101) subject -> . identifier
    (102) subject -> . computed_variable
    (103) subject -> . functional_expression
    (152) identifier -> . IDENTIFIER
    (104) computed_variable -> . intersection_variable
    (105) computed_variable -> . tuple_variable
    (106) computed_variable -> . functional_expression
    (125) intersection_variable -> . intersection DOT identifier
    (129) tuple_variable -> . tuple DOT identifier
    (126) intersection -> . LBRACE valuelist RBRACE
    (130) tuple -> . LPAREN rvalue COMMA rvalue RPAREN

    MATH_ABS        shift and go to state 78
    MATH_MIN        shift and go to state 79
    MATH_MAX        shift and go to state 80
    MATH_FLOOR      shift and go to state 81
    MATH_MEAN       shift and go to state 82
    MATH_STD        shift and go to state 83
    FN_ADD          shift and go to state 84
    FN_DEL          shift and go to state 85
    FN_SET          shift and go to state 86
    FN_ISSET        shift and go to state 87
    FN_COUNT        shift and go to state 88
    FN_FEETS        shift and go to state 89
    FN_METERS       shift and go to state 90
    FN_MILES        shift and go to state 91
    FN_KMPH         shift and go to state 92
    FN_KNOT         shift and go to state 93
    FN_NMPHTOKMPH   shift and go to state 94
    LPAREN          shift and go to state 67
    IDENTIFIER      shift and go to state 72
    LBRACE          shift and go to state 95

    action_expression              shift and go to state 254
    expression                     shift and go to state 247
    functional_expression          shift and go to state 255
    simple_expression              shift and go to state 56
    compound_expression            shift and go to state 57
    function                       shift and go to state 75
    expression_statement           shift and go to state 58
    scoped_expression              shift and go to state 59
    subject_is_object              shift and go to state 60
    subject_is_not_object          shift and go to state 61
    subject_has                    shift and go to state 62
    subject_is_range               shift and go to state 63
    subject_in_range               shift and go to state 64
    subject_not_in_range           shift and go to state 65
    subject_comparison             shift and go to state 66
    subject                        shift and go to state 68
    identifier                     shift and go to state 69
    computed_variable              shift and go to state 70
    intersection_variable          shift and go to state 73
    tuple_variable                 shift and go to state 74
    intersection                   shift and go to state 76
    tuple                          shift and go to state 77

state 252

    (41) compound_action -> compound_action OR . action_expression
    (42) action_expression -> . expression
    (43) action_expression -> . functional_expression
    (61) expression -> . simple_expression
    (62) expression -> . compound_expression
    (107) functional_expression -> . function LPAREN arglist RPAREN
    (63) simple_expression -> . expression_statement
    (64) compound_expression -> . scoped_expression
    (65) compound_expression -> . compound_expression AND scoped_expression
    (66) compound_expression -> . compound_expression OR scoped_expression
    (108) function -> . MATH_ABS
    (109) function -> . MATH_MIN
    (110) function -> . MATH_MAX
    (111) function -> . MATH_FLOOR
    (112) function -> . MATH_MEAN
    (113) function -> . MATH_STD
    (114) function -> . FN_ADD
    (115) function -> . FN_DEL
    (116) function -> . FN_SET
    (117) function -> . FN_ISSET
    (118) function -> . FN_COUNT
    (119) function -> . FN_FEETS
    (120) function -> . FN_METERS
    (121) function -> . FN_MILES
    (122) function -> . FN_KMPH
    (123) function -> . FN_KNOT
    (124) function -> . FN_NMPHTOKMPH
    (69) expression_statement -> . subject_is_object
    (70) expression_statement -> . subject_is_not_object
    (71) expression_statement -> . subject_has
    (72) expression_statement -> . subject_is_range
    (73) expression_statement -> . subject_in_range
    (74) expression_statement -> . subject_not_in_range
    (75) expression_statement -> . subject_comparison
    (67) scoped_expression -> . LPAREN expression_statement RPAREN
    (68) scoped_expression -> . LPAREN compound_expression RPAREN
    (82) subject_is_object -> . subject IS rvalue
    (83) subject_is_not_object -> . subject IS NOT rvalue
    (84) subject_has -> . subject HAS arg
    (85) subject_is_range -> . subject IS range_expression
    (86) subject_is_range -> . subject IS NOT range_expression
    (87) subject_in_range -> . subject IN range_expression
    (88) subject_not_in_range -> . subject NOT IN range_expression
    (76) subject_comparison -> . subject LT rvalue
    (77) subject_comparison -> . subject GT rvalue
    (78) subject_comparison -> . subject LTE rvalue
    (79) subject_comparison -> . subject GTE rvalue
    (80) subject_comparison -> . subject EQ rvalue
    (81) subject_comparison -> . subject NEQ rvalue
    (101) subject -> . identifier
    (102) subject -> . computed_variable
    (103) subject -> . functional_expression
    (152) identifier -> . IDENTIFIER
    (104) computed_variable -> . intersection_variable
    (105) computed_variable -> . tuple_variable
    (106) computed_variable -> . functional_expression
    (125) intersection_variable -> . intersection DOT identifier
    (129) tuple_variable -> . tuple DOT identifier
    (126) intersection -> . LBRACE valuelist RBRACE
    (130) tuple -> . LPAREN rvalue COMMA rvalue RPAREN

    MATH_ABS        shift and go to state 78
    MATH_MIN        shift and go to state 79
    MATH_MAX        shift and go to state 80
    MATH_FLOOR      shift and go to state 81
    MATH_MEAN       shift and go to state 82
    MATH_STD        shift and go to state 83
    FN_ADD          shift and go to state 84
    FN_DEL          shift and go to state 85
    FN_SET          shift and go to state 86
    FN_ISSET        shift and go to state 87
    FN_COUNT        shift and go to state 88
    FN_FEETS        shift and go to state 89
    FN_METERS       shift and go to state 90
    FN_MILES        shift and go to state 91
    FN_KMPH         shift and go to state 92
    FN_KNOT         shift and go to state 93
    FN_NMPHTOKMPH   shift and go to state 94
    LPAREN          shift and go to state 67
    IDENTIFIER      shift and go to state 72
    LBRACE          shift and go to state 95

    action_expression              shift and go to state 256
    expression                     shift and go to state 247
    functional_expression          shift and go to state 255
    simple_expression              shift and go to state 56
    compound_expression            shift and go to state 57
    function                       shift and go to state 75
    expression_statement           shift and go to state 58
    scoped_expression              shift and go to state 59
    subject_is_object              shift and go to state 60
    subject_is_not_object          shift and go to state 61
    subject_has                    shift and go to state 62
    subject_is_range               shift and go to state 63
    subject_in_range               shift and go to state 64
    subject_not_in_range           shift and go to state 65
    subject_comparison             shift and go to state 66
    subject                        shift and go to state 68
    identifier                     shift and go to state 69
    computed_variable              shift and go to state 70
    intersection_variable          shift and go to state 73
    tuple_variable                 shift and go to state 74
    intersection                   shift and go to state 76
    tuple                          shift and go to state 77

state 253

    (48) apply_clause -> APPLY STRING .

    BLOCKEND        reduce using rule 48 (apply_clause -> APPLY STRING .)
    COLON           reduce using rule 48 (apply_clause -> APPLY STRING .)


state 254

    (40) compound_action -> compound_action AND action_expression .

    AND             reduce using rule 40 (compound_action -> compound_action AND action_expression .)
    OR              reduce using rule 40 (compound_action -> compound_action AND action_expression .)
    BLOCKEND        reduce using rule 40 (compound_action -> compound_action AND action_expression .)
    COLON           reduce using rule 40 (compound_action -> compound_action AND action_expression .)


state 255

    (43) action_expression -> functional_expression .
    (103) subject -> functional_expression .
    (106) computed_variable -> functional_expression .

  ! reduce/reduce conflict for IS resolved using rule 103 (subject -> functional_expression .)
  ! reduce/reduce conflict for HAS resolved using rule 103 (subject -> functional_expression .)
  ! reduce/reduce conflict for IN resolved using rule 103 (subject -> functional_expression .)
  ! reduce/reduce conflict for NOT resolved using rule 103 (subject -> functional_expression .)
  ! reduce/reduce conflict for LT resolved using rule 103 (subject -> functional_expression .)
  ! reduce/reduce conflict for GT resolved using rule 103 (subject -> functional_expression .)
  ! reduce/reduce conflict for LTE resolved using rule 103 (subject -> functional_expression .)
  ! reduce/reduce conflict for GTE resolved using rule 103 (subject -> functional_expression .)
  ! reduce/reduce conflict for EQ resolved using rule 103 (subject -> functional_expression .)
  ! reduce/reduce conflict for NEQ resolved using rule 103 (subject -> functional_expression .)
    AND             reduce using rule 43 (action_expression -> functional_expression .)
    OR              reduce using rule 43 (action_expression -> functional_expression .)
    BLOCKEND        reduce using rule 43 (action_expression -> functional_expression .)
    COLON           reduce using rule 43 (action_expression -> functional_expression .)
    IS              reduce using rule 103 (subject -> functional_expression .)
    HAS             reduce using rule 103 (subject -> functional_expression .)
    IN              reduce using rule 103 (subject -> functional_expression .)
    NOT             reduce using rule 103 (subject -> functional_expression .)
    LT              reduce using rule 103 (subject -> functional_expression .)
    GT              reduce using rule 103 (subject -> functional_expression .)
    LTE             reduce using rule 103 (subject -> functional_expression .)
    GTE             reduce using rule 103 (subject -> functional_expression .)
    EQ              reduce using rule 103 (subject -> functional_expression .)
    NEQ             reduce using rule 103 (subject -> functional_expression .)

  ! IS              [ reduce using rule 106 (computed_variable -> functional_expression .) ]
  ! HAS             [ reduce using rule 106 (computed_variable -> functional_expression .) ]
  ! IN              [ reduce using rule 106 (computed_variable -> functional_expression .) ]
  ! NOT             [ reduce using rule 106 (computed_variable -> functional_expression .) ]
  ! LT              [ reduce using rule 106 (computed_variable -> functional_expression .) ]
  ! GT              [ reduce using rule 106 (computed_variable -> functional_expression .) ]
  ! LTE             [ reduce using rule 106 (computed_variable -> functional_expression .) ]
  ! GTE             [ reduce using rule 106 (computed_variable -> functional_expression .) ]
  ! EQ              [ reduce using rule 106 (computed_variable -> functional_expression .) ]
  ! NEQ             [ reduce using rule 106 (computed_variable -> functional_expression .) ]


state 256

    (41) compound_action -> compound_action OR action_expression .

    AND             reduce using rule 41 (compound_action -> compound_action OR action_expression .)
    OR              reduce using rule 41 (compound_action -> compound_action OR action_expression .)
    BLOCKEND        reduce using rule 41 (compound_action -> compound_action OR action_expression .)
    COLON           reduce using rule 41 (compound_action -> compound_action OR action_expression .)

WARNING: 
WARNING: Conflicts:
WARNING: 
WARNING: shift/reduce conflict for CLAUSE in state 17 resolved as shift
WARNING: shift/reduce conflict for AND in state 57 resolved as shift
WARNING: shift/reduce conflict for OR in state 57 resolved as shift
WARNING: reduce/reduce conflict in state 71 resolved using rule (subject -> functional_expression)
WARNING: rejected rule (computed_variable -> functional_expression) in state 71
WARNING: reduce/reduce conflict in state 113 resolved using rule (rvalue -> identifier)
WARNING: rejected rule (object -> identifier) in state 113
WARNING: reduce/reduce conflict in state 117 resolved using rule (subject -> functional_expression)
WARNING: rejected rule (computed_variable -> functional_expression) in state 117
WARNING: reduce/reduce conflict in state 119 resolved using rule (constant -> INTEGER)
WARNING: rejected rule (number -> INTEGER) in state 119
WARNING: reduce/reduce conflict in state 120 resolved using rule (constant -> FLOAT)
WARNING: rejected rule (number -> FLOAT) in state 120
WARNING: reduce/reduce conflict in state 138 resolved using rule (rvalue -> identifier)
WARNING: rejected rule (object -> identifier) in state 138
WARNING: reduce/reduce conflict in state 153 resolved using rule (rvalue -> identifier)
WARNING: rejected rule (range_expression -> identifier) in state 153
WARNING: reduce/reduce conflict in state 153 resolved using rule (rvalue -> identifier)
WARNING: rejected rule (object -> identifier) in state 153
WARNING: reduce/reduce conflict in state 243 resolved using rule (assurance_call -> functional_expression)
WARNING: rejected rule (action_expression -> functional_expression) in state 243
WARNING: reduce/reduce conflict in state 243 resolved using rule (subject -> functional_expression)
WARNING: rejected rule (computed_variable -> functional_expression) in state 243
WARNING: reduce/reduce conflict in state 255 resolved using rule (subject -> functional_expression)
WARNING: rejected rule (computed_variable -> functional_expression) in state 255
WARNING: Rule (object -> identifier) is never reduced
WARNING: Rule (number -> INTEGER) is never reduced
WARNING: Rule (number -> FLOAT) is never reduced
